Date,Ticker,MKTTREND,SMA,MACD,BOL,RSI,OBV,MYTREND1,MYTREND2,MYTREND3
2020-01-03,AIG,NEUTRAL,BUY,BUY,HOLD,HOLD,SELL,BUY,BUY,BUY
2020-01-06,AIG,NEUTRAL,BUY,BUY,HOLD,HOLD,SELL,BUY,BUY,BUY
2020-01-07,AIG,NEUTRAL,BUY,BUY,HOLD,HOLD,SELL,BUY,BUY,BUY
2020-01-08,AIG,NEUTRAL,BUY,BUY,HOLD,HOLD,SELL,BUY,BUY,BUY
2020-01-09,AIG,NEUTRAL,BUY,BUY,HOLD,HOLD,HOLD,BUY,BUY,BUY
2020-01-10,AIG,NEUTRAL,SELL,BUY,HOLD,HOLD,HOLD,BUY,BUY,BUY
2020-01-13,AIG,NEUTRAL,SELL,BUY,SELL,HOLD,BUY,BUY,BUY,BUY
2020-01-14,AIG,NEUTRAL,SELL,BUY,HOLD,HOLD,HOLD,BUY,BUY,BUY
2020-01-15,AIG,NEUTRAL,SELL,BUY,HOLD,HOLD,HOLD,BUY,BUY,BUY
2020-01-16,AIG,NEUTRAL,SELL,BUY,HOLD,HOLD,HOLD,BUY,BUY,BUY
2020-01-17,AIG,NEUTRAL,SELL,BUY,SELL,HOLD,BUY,BUY,BUY,BUY
2020-01-21,AIG,NEUTRAL,SELL,BUY,HOLD,HOLD,HOLD,BUY,BUY,BUY
2020-01-22,AIG,NEUTRAL,SELL,BUY,HOLD,HOLD,BUY,BUY,BUY,BUY
2020-01-23,AIG,NEUTRAL,SELL,BUY,HOLD,HOLD,BUY,BUY,BUY,BUY
2020-01-24,AIG,NEUTRAL,SELL,SELL,HOLD,HOLD,SELL,SELL,SELL,SELL
2020-01-27,AIG,NEUTRAL,SELL,SELL,BUY,HOLD,SELL,SELL,SELL,SELL
2020-01-28,AIG,NEUTRAL,SELL,SELL,HOLD,HOLD,SELL,SELL,SELL,SELL
2020-01-29,AIG,NEUTRAL,SELL,SELL,HOLD,HOLD,SELL,SELL,SELL,SELL
2020-01-30,AIG,NEUTRAL,SELL,SELL,HOLD,HOLD,SELL,SELL,SELL,SELL
2020-01-31,AIG,NEUTRAL,SELL,SELL,HOLD,HOLD,SELL,SELL,SELL,SELL
2020-02-03,AIG,NEUTRAL,SELL,SELL,HOLD,HOLD,SELL,SELL,SELL,SELL
2020-02-04,AIG,NEUTRAL,SELL,SELL,HOLD,HOLD,SELL,SELL,SELL,SELL
2020-02-05,AIG,NEUTRAL,SELL,BUY,HOLD,HOLD,SELL,BUY,BUY,BUY
2020-02-06,AIG,NEUTRAL,SELL,BUY,SELL,HOLD,BUY,BUY,BUY,BUY
2020-02-07,AIG,NEUTRAL,SELL,BUY,HOLD,HOLD,BUY,BUY,BUY,BUY
2020-02-10,AIG,NEUTRAL,SELL,BUY,SELL,SELL,BUY,BUY,BUY,BUY
2020-02-11,AIG,NEUTRAL,SELL,BUY,SELL,SELL,BUY,BUY,BUY,BUY
2020-02-12,AIG,NEUTRAL,SELL,BUY,HOLD,SELL,BUY,BUY,BUY,BUY
2020-02-13,AIG,NEUTRAL,SELL,BUY,HOLD,HOLD,BUY,BUY,BUY,BUY
2020-02-14,AIG,NEUTRAL,SELL,SELL,BUY,BUY,SELL,SELL,SELL,SELL
2020-02-18,AIG,NEUTRAL,SELL,SELL,HOLD,HOLD,SELL,SELL,SELL,SELL
2020-02-19,AIG,NEUTRAL,SELL,SELL,HOLD,HOLD,SELL,SELL,SELL,SELL
2020-02-20,AIG,NEUTRAL,SELL,SELL,HOLD,HOLD,HOLD,SELL,SELL,SELL
2020-02-21,AIG,NEUTRAL,SELL,SELL,HOLD,HOLD,HOLD,SELL,SELL,SELL
2020-02-24,AIG,NEUTRAL,SELL,SELL,BUY,BUY,SELL,SELL,SELL,SELL
2020-02-25,AIG,NEUTRAL,SELL,SELL,BUY,BUY,SELL,SELL,SELL,SELL
2020-02-26,AIG,NEUTRAL,SELL,SELL,BUY,BUY,SELL,SELL,SELL,SELL
2020-02-27,AIG,NEUTRAL,SELL,SELL,BUY,BUY,SELL,SELL,SELL,SELL
2020-02-28,AIG,NEUTRAL,SELL,SELL,BUY,BUY,SELL,SELL,SELL,SELL
2020-03-02,AIG,NEUTRAL,SELL,SELL,HOLD,BUY,SELL,SELL,SELL,SELL
2020-03-03,AIG,NEUTRAL,SELL,SELL,HOLD,BUY,SELL,SELL,SELL,SELL
2020-03-04,AIG,NEUTRAL,SELL,SELL,HOLD,BUY,SELL,SELL,SELL,SELL
2020-03-05,AIG,NEUTRAL,SELL,SELL,HOLD,BUY,SELL,SELL,SELL,SELL
2020-03-06,AIG,NEUTRAL,SELL,SELL,HOLD,BUY,SELL,SELL,SELL,SELL
2020-03-09,AIG,NEUTRAL,SELL,SELL,BUY,BUY,SELL,SELL,SELL,SELL
2020-03-10,AIG,NEUTRAL,SELL,SELL,HOLD,BUY,SELL,SELL,SELL,SELL
2020-03-11,AIG,NEUTRAL,SELL,SELL,HOLD,BUY,SELL,SELL,SELL,SELL
2020-03-12,AIG,NEUTRAL,SELL,SELL,BUY,BUY,SELL,SELL,SELL,SELL
2020-03-13,AIG,NEUTRAL,SELL,SELL,HOLD,BUY,SELL,SELL,SELL,SELL
2020-03-16,AIG,NEUTRAL,SELL,SELL,BUY,BUY,SELL,SELL,SELL,SELL
2020-03-17,AIG,NEUTRAL,SELL,SELL,HOLD,BUY,SELL,SELL,SELL,SELL
2020-03-18,AIG,NEUTRAL,SELL,SELL,HOLD,BUY,SELL,SELL,SELL,SELL
2020-03-19,AIG,NEUTRAL,SELL,SELL,HOLD,BUY,SELL,SELL,SELL,SELL
2020-03-20,AIG,NEUTRAL,SELL,SELL,HOLD,BUY,SELL,SELL,SELL,SELL
2020-03-23,AIG,NEUTRAL,SELL,SELL,HOLD,BUY,SELL,SELL,SELL,SELL
2020-03-24,AIG,DOWN,SELL,SELL,HOLD,HOLD,SELL,SELL,SELL,SELL
2020-03-25,AIG,DOWN,SELL,SELL,HOLD,HOLD,SELL,SELL,SELL,SELL
2020-03-26,AIG,DOWN,SELL,BUY,HOLD,HOLD,SELL,BUY,BUY,BUY
2020-03-27,AIG,DOWN,SELL,BUY,HOLD,HOLD,SELL,BUY,BUY,BUY
2020-03-30,AIG,DOWN,SELL,BUY,HOLD,HOLD,SELL,BUY,BUY,BUY
2020-03-31,AIG,DOWN,SELL,BUY,HOLD,HOLD,SELL,BUY,BUY,BUY
2020-04-01,AIG,DOWN,SELL,BUY,HOLD,HOLD,SELL,BUY,BUY,BUY
2020-04-02,AIG,DOWN,SELL,BUY,HOLD,HOLD,SELL,BUY,BUY,BUY
2020-04-03,AIG,DOWN,SELL,BUY,HOLD,HOLD,SELL,BUY,BUY,BUY
2020-04-06,AIG,DOWN,SELL,BUY,HOLD,HOLD,SELL,BUY,BUY,BUY
2020-04-07,AIG,DOWN,SELL,BUY,HOLD,HOLD,SELL,BUY,BUY,BUY
2020-04-08,AIG,DOWN,SELL,BUY,HOLD,HOLD,SELL,BUY,BUY,BUY
2020-04-09,AIG,DOWN,SELL,BUY,HOLD,HOLD,HOLD,BUY,BUY,BUY
2020-04-13,AIG,DOWN,SELL,BUY,HOLD,HOLD,HOLD,BUY,BUY,BUY
2020-04-14,AIG,DOWN,SELL,BUY,HOLD,HOLD,HOLD,BUY,BUY,BUY
2020-04-15,AIG,DOWN,SELL,BUY,HOLD,HOLD,HOLD,BUY,BUY,BUY
2020-04-16,AIG,DOWN,SELL,BUY,HOLD,HOLD,HOLD,BUY,BUY,BUY
2020-04-17,AIG,DOWN,SELL,BUY,HOLD,HOLD,HOLD,BUY,BUY,BUY
2020-04-20,AIG,DOWN,SELL,BUY,HOLD,HOLD,HOLD,BUY,BUY,BUY
2020-04-21,AIG,DOWN,SELL,BUY,HOLD,HOLD,SELL,BUY,BUY,BUY
2020-04-22,AIG,DOWN,SELL,BUY,HOLD,HOLD,HOLD,BUY,BUY,BUY
2020-04-23,AIG,DOWN,SELL,BUY,HOLD,HOLD,HOLD,BUY,BUY,BUY
2020-04-24,AIG,DOWN,SELL,BUY,HOLD,HOLD,HOLD,BUY,BUY,BUY
2020-04-27,AIG,DOWN,SELL,BUY,HOLD,HOLD,HOLD,BUY,BUY,BUY
2020-04-28,AIG,DOWN,SELL,BUY,HOLD,HOLD,HOLD,BUY,BUY,BUY
2020-04-29,AIG,DOWN,SELL,BUY,SELL,SELL,BUY,BUY,BUY,BUY
2020-04-30,AIG,DOWN,SELL,BUY,HOLD,HOLD,BUY,BUY,BUY,BUY
2020-05-01,AIG,DOWN,SELL,BUY,HOLD,HOLD,BUY,BUY,BUY,BUY
2020-05-04,AIG,DOWN,SELL,BUY,HOLD,HOLD,HOLD,BUY,BUY,BUY
2020-05-05,AIG,DOWN,SELL,BUY,HOLD,HOLD,BUY,BUY,BUY,BUY
2020-05-06,AIG,DOWN,SELL,BUY,HOLD,HOLD,HOLD,BUY,BUY,BUY
2020-05-07,AIG,DOWN,SELL,BUY,HOLD,HOLD,BUY,BUY,BUY,BUY
2020-05-08,AIG,DOWN,SELL,BUY,SELL,HOLD,BUY,BUY,BUY,BUY
2020-05-11,AIG,DOWN,SELL,BUY,SELL,HOLD,BUY,BUY,BUY,BUY
2020-05-12,AIG,DOWN,SELL,BUY,HOLD,HOLD,BUY,BUY,BUY,BUY
2020-05-13,AIG,DOWN,SELL,BUY,HOLD,HOLD,BUY,BUY,BUY,BUY
2020-05-14,AIG,DOWN,SELL,BUY,HOLD,HOLD,BUY,BUY,BUY,BUY
2020-05-15,AIG,DOWN,SELL,BUY,HOLD,HOLD,BUY,BUY,BUY,BUY
2020-05-18,AIG,DOWN,SELL,BUY,HOLD,HOLD,BUY,BUY,BUY,BUY
2020-05-19,AIG,DOWN,SELL,BUY,HOLD,HOLD,BUY,BUY,BUY,BUY
2020-05-20,AIG,DOWN,SELL,BUY,HOLD,HOLD,BUY,BUY,BUY,BUY
2020-05-21,AIG,DOWN,SELL,BUY,HOLD,HOLD,BUY,BUY,BUY,BUY
2020-05-22,AIG,DOWN,SELL,BUY,HOLD,HOLD,BUY,BUY,BUY,BUY
2020-05-26,AIG,DOWN,SELL,BUY,SELL,SELL,BUY,BUY,BUY,BUY
2020-05-27,AIG,DOWN,SELL,BUY,SELL,SELL,BUY,BUY,BUY,BUY
2020-05-28,AIG,DOWN,SELL,BUY,HOLD,SELL,BUY,BUY,BUY,BUY
2020-05-29,AIG,DOWN,SELL,BUY,HOLD,HOLD,BUY,BUY,BUY,BUY
2020-06-01,AIG,NEUTRAL,SELL,BUY,HOLD,HOLD,BUY,BUY,BUY,BUY
2020-06-02,AIG,NEUTRAL,SELL,BUY,HOLD,HOLD,BUY,BUY,BUY,BUY
2020-06-03,AIG,NEUTRAL,SELL,BUY,HOLD,SELL,BUY,BUY,BUY,BUY
2020-06-04,AIG,NEUTRAL,SELL,BUY,SELL,SELL,BUY,BUY,BUY,BUY
2020-06-05,AIG,NEUTRAL,SELL,BUY,SELL,SELL,BUY,BUY,BUY,BUY
2020-06-08,AIG,NEUTRAL,SELL,BUY,SELL,SELL,BUY,BUY,BUY,BUY
2020-06-09,AIG,NEUTRAL,SELL,BUY,HOLD,SELL,BUY,BUY,BUY,BUY
2020-06-10,AIG,NEUTRAL,SELL,BUY,HOLD,HOLD,BUY,BUY,BUY,BUY
2020-06-11,AIG,NEUTRAL,SELL,BUY,HOLD,HOLD,BUY,BUY,BUY,BUY
2020-06-12,AIG,NEUTRAL,SELL,SELL,HOLD,HOLD,BUY,SELL,SELL,SELL
2020-06-15,AIG,NEUTRAL,SELL,SELL,HOLD,HOLD,BUY,SELL,SELL,SELL
2020-06-16,AIG,NEUTRAL,SELL,SELL,HOLD,HOLD,BUY,SELL,SELL,SELL
2020-06-17,AIG,NEUTRAL,SELL,SELL,HOLD,HOLD,BUY,SELL,SELL,SELL
2020-06-18,AIG,NEUTRAL,SELL,SELL,HOLD,HOLD,BUY,SELL,SELL,SELL
2020-06-19,AIG,NEUTRAL,SELL,SELL,HOLD,HOLD,BUY,SELL,SELL,SELL
2020-06-22,AIG,NEUTRAL,SELL,SELL,HOLD,HOLD,BUY,SELL,SELL,SELL
2020-06-23,AIG,NEUTRAL,SELL,SELL,HOLD,HOLD,HOLD,SELL,SELL,SELL
2020-06-24,AIG,NEUTRAL,SELL,SELL,HOLD,HOLD,HOLD,SELL,SELL,SELL
2020-06-25,AIG,NEUTRAL,SELL,SELL,HOLD,HOLD,HOLD,SELL,SELL,SELL
2020-06-26,AIG,NEUTRAL,SELL,SELL,HOLD,HOLD,HOLD,SELL,SELL,SELL
2020-06-29,AIG,NEUTRAL,SELL,SELL,HOLD,HOLD,HOLD,SELL,SELL,SELL
2020-06-30,AIG,NEUTRAL,SELL,SELL,HOLD,HOLD,HOLD,SELL,SELL,SELL
2020-07-01,AIG,NEUTRAL,SELL,SELL,HOLD,HOLD,HOLD,SELL,SELL,SELL
2020-07-02,AIG,NEUTRAL,SELL,SELL,HOLD,HOLD,HOLD,SELL,SELL,SELL
2020-07-06,AIG,NEUTRAL,SELL,SELL,HOLD,HOLD,HOLD,SELL,SELL,SELL
2020-07-07,AIG,NEUTRAL,SELL,SELL,HOLD,HOLD,HOLD,SELL,SELL,SELL
2020-07-08,AIG,NEUTRAL,SELL,SELL,HOLD,HOLD,HOLD,SELL,SELL,SELL
2020-07-09,AIG,NEUTRAL,SELL,SELL,BUY,HOLD,HOLD,SELL,SELL,SELL
2020-07-10,AIG,NEUTRAL,SELL,SELL,HOLD,HOLD,HOLD,SELL,SELL,SELL
2020-07-13,AIG,NEUTRAL,SELL,SELL,HOLD,HOLD,HOLD,SELL,SELL,SELL
2020-07-14,AIG,NEUTRAL,SELL,SELL,HOLD,HOLD,HOLD,SELL,SELL,SELL
2020-07-15,AIG,NEUTRAL,SELL,BUY,HOLD,HOLD,HOLD,BUY,BUY,BUY
2020-07-16,AIG,NEUTRAL,SELL,BUY,HOLD,HOLD,BUY,BUY,BUY,BUY
2020-07-17,AIG,NEUTRAL,SELL,BUY,HOLD,HOLD,BUY,BUY,BUY,BUY
2020-07-20,AIG,NEUTRAL,SELL,BUY,HOLD,HOLD,BUY,BUY,BUY,BUY
2020-07-21,AIG,NEUTRAL,SELL,BUY,HOLD,HOLD,BUY,BUY,BUY,BUY
2020-07-22,AIG,NEUTRAL,SELL,BUY,HOLD,HOLD,BUY,BUY,BUY,BUY
2020-07-23,AIG,NEUTRAL,SELL,BUY,HOLD,HOLD,BUY,BUY,BUY,BUY
2020-07-24,AIG,NEUTRAL,SELL,BUY,HOLD,HOLD,BUY,BUY,BUY,BUY
2020-07-27,AIG,NEUTRAL,SELL,BUY,HOLD,HOLD,BUY,BUY,BUY,BUY
2020-07-28,AIG,NEUTRAL,SELL,BUY,HOLD,HOLD,BUY,BUY,BUY,BUY
2020-07-29,AIG,NEUTRAL,SELL,BUY,HOLD,HOLD,BUY,BUY,BUY,BUY
2020-07-30,AIG,NEUTRAL,SELL,BUY,HOLD,HOLD,BUY,BUY,BUY,BUY
2020-07-31,AIG,NEUTRAL,SELL,BUY,HOLD,HOLD,BUY,BUY,BUY,BUY
2020-08-03,AIG,NEUTRAL,SELL,BUY,HOLD,HOLD,BUY,BUY,BUY,BUY
2020-08-04,AIG,NEUTRAL,SELL,SELL,HOLD,HOLD,HOLD,SELL,SELL,SELL
2020-08-05,AIG,NEUTRAL,SELL,SELL,HOLD,HOLD,HOLD,SELL,SELL,SELL
2020-08-06,AIG,NEUTRAL,SELL,SELL,BUY,HOLD,SELL,SELL,SELL,SELL
2020-08-07,AIG,NEUTRAL,SELL,SELL,HOLD,HOLD,SELL,SELL,SELL,SELL
2020-08-10,AIG,NEUTRAL,SELL,SELL,HOLD,HOLD,SELL,SELL,SELL,SELL
2020-08-11,AIG,NEUTRAL,SELL,SELL,HOLD,HOLD,BUY,SELL,SELL,SELL
2020-08-12,AIG,NEUTRAL,SELL,SELL,HOLD,HOLD,HOLD,SELL,SELL,SELL
2020-08-13,AIG,NEUTRAL,SELL,SELL,HOLD,HOLD,SELL,SELL,SELL,SELL
2020-08-14,AIG,NEUTRAL,SELL,SELL,HOLD,HOLD,SELL,SELL,SELL,SELL
2020-08-17,AIG,NEUTRAL,SELL,SELL,HOLD,HOLD,SELL,SELL,SELL,SELL
2020-08-18,AIG,NEUTRAL,SELL,SELL,HOLD,HOLD,SELL,SELL,SELL,SELL
2020-08-19,AIG,NEUTRAL,SELL,SELL,HOLD,HOLD,SELL,SELL,SELL,SELL
2020-08-20,AIG,NEUTRAL,SELL,SELL,HOLD,HOLD,SELL,SELL,SELL,SELL
2020-08-21,AIG,NEUTRAL,SELL,SELL,BUY,BUY,SELL,SELL,SELL,SELL
2020-08-24,AIG,NEUTRAL,SELL,SELL,HOLD,HOLD,SELL,SELL,SELL,SELL
2020-08-25,AIG,NEUTRAL,SELL,SELL,HOLD,HOLD,SELL,SELL,SELL,SELL
2020-08-26,AIG,NEUTRAL,SELL,SELL,HOLD,HOLD,SELL,SELL,SELL,SELL
2020-08-27,AIG,NEUTRAL,SELL,SELL,HOLD,HOLD,SELL,SELL,SELL,SELL
2020-08-28,AIG,NEUTRAL,SELL,SELL,HOLD,HOLD,SELL,SELL,SELL,SELL
2020-08-31,AIG,NEUTRAL,SELL,SELL,HOLD,HOLD,SELL,SELL,SELL,SELL
2020-09-01,AIG,NEUTRAL,SELL,SELL,HOLD,HOLD,SELL,SELL,SELL,SELL
2020-09-02,AIG,NEUTRAL,SELL,BUY,HOLD,HOLD,SELL,BUY,BUY,BUY
2020-09-03,AIG,NEUTRAL,SELL,BUY,HOLD,HOLD,SELL,BUY,BUY,BUY
2020-09-04,AIG,NEUTRAL,SELL,BUY,HOLD,HOLD,SELL,BUY,BUY,BUY
2020-09-08,AIG,NEUTRAL,SELL,BUY,HOLD,HOLD,SELL,BUY,BUY,BUY
2020-09-09,AIG,NEUTRAL,SELL,BUY,HOLD,HOLD,SELL,BUY,BUY,BUY
2020-09-10,AIG,NEUTRAL,SELL,SELL,BUY,HOLD,SELL,SELL,SELL,SELL
2020-09-11,AIG,NEUTRAL,SELL,SELL,HOLD,HOLD,SELL,SELL,SELL,SELL
2020-09-14,AIG,NEUTRAL,SELL,BUY,HOLD,HOLD,HOLD,BUY,BUY,BUY
2020-09-15,AIG,NEUTRAL,SELL,BUY,HOLD,HOLD,SELL,BUY,BUY,BUY
2020-09-16,AIG,NEUTRAL,SELL,BUY,HOLD,HOLD,HOLD,BUY,BUY,BUY
2020-09-17,AIG,NEUTRAL,SELL,BUY,HOLD,HOLD,HOLD,BUY,BUY,BUY
2020-09-18,AIG,NEUTRAL,SELL,SELL,BUY,HOLD,SELL,SELL,SELL,SELL
2020-09-21,AIG,NEUTRAL,SELL,SELL,BUY,HOLD,SELL,SELL,SELL,SELL
2020-09-22,AIG,NEUTRAL,SELL,SELL,BUY,HOLD,SELL,SELL,SELL,SELL
2020-09-23,AIG,NEUTRAL,SELL,SELL,BUY,BUY,SELL,SELL,SELL,SELL
2020-09-24,AIG,NEUTRAL,SELL,SELL,BUY,HOLD,SELL,SELL,SELL,SELL
2020-09-25,AIG,NEUTRAL,SELL,SELL,HOLD,HOLD,SELL,SELL,SELL,SELL
2020-09-28,AIG,NEUTRAL,SELL,SELL,HOLD,HOLD,SELL,SELL,SELL,SELL
2020-09-29,AIG,NEUTRAL,SELL,SELL,HOLD,HOLD,SELL,SELL,SELL,SELL
2020-09-30,AIG,NEUTRAL,SELL,SELL,HOLD,HOLD,SELL,SELL,SELL,SELL
2020-10-01,AIG,NEUTRAL,SELL,BUY,HOLD,HOLD,HOLD,BUY,BUY,BUY
2020-10-02,AIG,NEUTRAL,SELL,BUY,HOLD,HOLD,HOLD,BUY,BUY,BUY
2020-10-05,AIG,NEUTRAL,SELL,BUY,HOLD,HOLD,BUY,BUY,BUY,BUY
2020-10-06,AIG,NEUTRAL,SELL,BUY,HOLD,HOLD,BUY,BUY,BUY,BUY
2020-10-07,AIG,NEUTRAL,SELL,BUY,HOLD,HOLD,BUY,BUY,BUY,BUY
2020-10-08,AIG,NEUTRAL,SELL,BUY,HOLD,SELL,BUY,BUY,BUY,BUY
2020-10-09,AIG,NEUTRAL,SELL,BUY,HOLD,HOLD,BUY,BUY,BUY,BUY
2020-10-12,AIG,NEUTRAL,SELL,BUY,HOLD,SELL,BUY,BUY,BUY,BUY
2020-10-13,AIG,NEUTRAL,SELL,BUY,HOLD,HOLD,BUY,BUY,BUY,BUY
2020-10-14,AIG,NEUTRAL,SELL,BUY,HOLD,HOLD,BUY,BUY,BUY,BUY
2020-10-15,AIG,NEUTRAL,SELL,BUY,HOLD,HOLD,BUY,BUY,BUY,BUY
2020-10-16,AIG,NEUTRAL,SELL,BUY,HOLD,HOLD,BUY,BUY,BUY,BUY
2020-10-19,AIG,NEUTRAL,SELL,BUY,HOLD,HOLD,BUY,BUY,BUY,BUY
2020-10-20,AIG,NEUTRAL,SELL,BUY,HOLD,HOLD,BUY,BUY,BUY,BUY
2020-10-21,AIG,NEUTRAL,SELL,BUY,HOLD,SELL,BUY,BUY,BUY,BUY
2020-10-22,AIG,NEUTRAL,SELL,BUY,HOLD,SELL,BUY,BUY,BUY,BUY
2020-10-23,AIG,NEUTRAL,SELL,BUY,HOLD,SELL,BUY,BUY,BUY,BUY
2020-10-26,AIG,NEUTRAL,SELL,BUY,HOLD,HOLD,BUY,BUY,BUY,BUY
2020-10-27,AIG,NEUTRAL,SELL,BUY,HOLD,HOLD,BUY,BUY,BUY,BUY
2020-10-28,AIG,NEUTRAL,SELL,BUY,HOLD,HOLD,HOLD,BUY,BUY,BUY
2020-10-29,AIG,NEUTRAL,SELL,BUY,HOLD,HOLD,HOLD,BUY,BUY,BUY
2020-10-30,AIG,NEUTRAL,SELL,BUY,HOLD,HOLD,BUY,BUY,BUY,BUY
2020-11-02,AIG,NEUTRAL,SELL,BUY,HOLD,HOLD,BUY,BUY,BUY,BUY
2020-11-03,AIG,NEUTRAL,SELL,BUY,SELL,SELL,BUY,BUY,BUY,BUY
2020-11-04,AIG,NEUTRAL,SELL,BUY,HOLD,HOLD,BUY,BUY,BUY,BUY
2020-11-05,AIG,NEUTRAL,SELL,BUY,SELL,HOLD,BUY,BUY,BUY,BUY
2020-11-06,AIG,NEUTRAL,SELL,BUY,HOLD,HOLD,BUY,BUY,BUY,BUY
2020-11-09,AIG,NEUTRAL,SELL,BUY,SELL,SELL,BUY,BUY,BUY,BUY
2020-11-10,AIG,NEUTRAL,SELL,BUY,SELL,SELL,BUY,BUY,BUY,BUY
2020-11-11,AIG,NEUTRAL,SELL,BUY,HOLD,SELL,BUY,BUY,BUY,BUY
2020-11-12,AIG,NEUTRAL,SELL,BUY,HOLD,HOLD,BUY,BUY,BUY,BUY
2020-11-13,AIG,NEUTRAL,SELL,BUY,HOLD,HOLD,BUY,BUY,BUY,BUY
2020-11-16,AIG,NEUTRAL,SELL,BUY,HOLD,SELL,BUY,BUY,BUY,BUY
2020-11-17,AIG,NEUTRAL,SELL,BUY,HOLD,SELL,BUY,BUY,BUY,BUY
2020-11-18,AIG,NEUTRAL,SELL,BUY,HOLD,SELL,BUY,BUY,BUY,BUY
2020-11-19,AIG,NEUTRAL,BUY,BUY,HOLD,SELL,BUY,BUY,BUY,BUY
2020-11-20,AIG,NEUTRAL,BUY,BUY,HOLD,SELL,BUY,BUY,BUY,BUY
2020-11-23,AIG,NEUTRAL,BUY,BUY,HOLD,SELL,BUY,BUY,BUY,BUY
2020-11-24,AIG,NEUTRAL,BUY,BUY,HOLD,SELL,BUY,BUY,BUY,BUY
2020-11-25,AIG,NEUTRAL,BUY,BUY,HOLD,SELL,BUY,BUY,BUY,BUY
2020-11-27,AIG,NEUTRAL,BUY,BUY,HOLD,HOLD,BUY,BUY,BUY,BUY
2020-11-30,AIG,NEUTRAL,BUY,SELL,HOLD,HOLD,BUY,SELL,SELL,SELL
2020-12-01,AIG,NEUTRAL,BUY,SELL,HOLD,HOLD,BUY,SELL,SELL,SELL
2020-12-02,AIG,NEUTRAL,BUY,SELL,HOLD,HOLD,BUY,SELL,SELL,SELL
2020-12-03,AIG,NEUTRAL,BUY,SELL,HOLD,HOLD,BUY,SELL,SELL,SELL
2020-12-04,AIG,NEUTRAL,BUY,SELL,HOLD,HOLD,BUY,SELL,SELL,SELL
2020-12-07,AIG,NEUTRAL,BUY,SELL,HOLD,HOLD,BUY,SELL,SELL,SELL
2020-12-08,AIG,UP,BUY,SELL,HOLD,HOLD,BUY,HOLD,HOLD,BUY
2020-12-09,AIG,UP,BUY,SELL,HOLD,HOLD,BUY,HOLD,HOLD,BUY
2020-12-10,AIG,UP,BUY,SELL,HOLD,HOLD,BUY,HOLD,HOLD,BUY
2020-12-11,AIG,UP,BUY,SELL,HOLD,HOLD,BUY,HOLD,HOLD,BUY
2020-12-14,AIG,UP,BUY,SELL,HOLD,HOLD,BUY,HOLD,HOLD,BUY
2020-12-15,AIG,UP,BUY,SELL,HOLD,HOLD,BUY,HOLD,HOLD,BUY
2020-12-16,AIG,UP,BUY,SELL,HOLD,HOLD,HOLD,HOLD,HOLD,HOLD
2020-12-17,AIG,UP,BUY,SELL,HOLD,HOLD,SELL,HOLD,HOLD,SELL
2020-12-18,AIG,UP,BUY,SELL,BUY,HOLD,SELL,BUY,HOLD,SELL
2020-12-21,AIG,UP,BUY,SELL,HOLD,HOLD,SELL,HOLD,HOLD,SELL
2020-12-22,AIG,UP,BUY,SELL,BUY,BUY,SELL,BUY,BUY,SELL
2020-12-23,AIG,UP,BUY,SELL,HOLD,HOLD,SELL,HOLD,HOLD,SELL
2020-12-24,AIG,UP,BUY,SELL,HOLD,HOLD,SELL,HOLD,HOLD,SELL
2020-12-28,AIG,UP,BUY,SELL,HOLD,HOLD,SELL,HOLD,HOLD,SELL
2020-12-29,AIG,UP,BUY,SELL,HOLD,HOLD,SELL,HOLD,HOLD,SELL
2020-12-30,AIG,UP,BUY,SELL,HOLD,HOLD,SELL,HOLD,HOLD,SELL
2020-12-31,AIG,UP,BUY,SELL,HOLD,HOLD,SELL,HOLD,HOLD,SELL
2021-01-04,AIG,UP,BUY,SELL,HOLD,HOLD,SELL,HOLD,HOLD,SELL
2021-01-05,AIG,UP,BUY,SELL,HOLD,HOLD,SELL,HOLD,HOLD,SELL
2021-01-06,AIG,UP,BUY,BUY,SELL,SELL,HOLD,SELL,SELL,HOLD
2021-01-07,AIG,UP,BUY,BUY,SELL,SELL,BUY,SELL,SELL,BUY
2021-01-08,AIG,UP,BUY,BUY,SELL,SELL,BUY,SELL,SELL,BUY
2021-01-11,AIG,UP,BUY,BUY,HOLD,HOLD,HOLD,HOLD,HOLD,HOLD
2021-01-12,AIG,UP,BUY,BUY,HOLD,SELL,BUY,HOLD,SELL,BUY
2021-01-13,AIG,UP,BUY,BUY,HOLD,HOLD,HOLD,HOLD,HOLD,HOLD
2021-01-14,AIG,UP,BUY,BUY,HOLD,SELL,BUY,HOLD,SELL,BUY
2021-01-15,AIG,UP,BUY,BUY,HOLD,SELL,BUY,HOLD,SELL,BUY
2021-01-19,AIG,UP,BUY,BUY,HOLD,SELL,BUY,HOLD,SELL,BUY
2021-01-20,AIG,UP,BUY,BUY,HOLD,SELL,BUY,HOLD,SELL,BUY
2021-01-21,AIG,UP,BUY,BUY,HOLD,HOLD,BUY,HOLD,HOLD,BUY
2021-01-22,AIG,UP,BUY,BUY,HOLD,HOLD,HOLD,HOLD,HOLD,HOLD
2021-01-25,AIG,UP,BUY,SELL,HOLD,HOLD,HOLD,HOLD,HOLD,HOLD
2021-01-26,AIG,UP,BUY,SELL,HOLD,HOLD,HOLD,HOLD,HOLD,HOLD
2021-01-27,AIG,UP,BUY,SELL,HOLD,BUY,SELL,HOLD,BUY,SELL
2021-01-28,AIG,UP,BUY,SELL,HOLD,HOLD,SELL,HOLD,HOLD,SELL
2021-01-29,AIG,UP,BUY,SELL,HOLD,HOLD,SELL,HOLD,HOLD,SELL
2021-02-01,AIG,UP,BUY,SELL,HOLD,HOLD,SELL,HOLD,HOLD,SELL
2021-02-02,AIG,UP,BUY,SELL,HOLD,HOLD,SELL,HOLD,HOLD,SELL
2021-02-03,AIG,UP,BUY,SELL,HOLD,HOLD,SELL,HOLD,HOLD,SELL
2021-02-04,AIG,UP,BUY,SELL,HOLD,HOLD,HOLD,HOLD,HOLD,HOLD
2021-02-05,AIG,UP,BUY,BUY,HOLD,HOLD,BUY,HOLD,HOLD,BUY
2021-02-08,AIG,UP,BUY,BUY,HOLD,SELL,BUY,HOLD,SELL,BUY
2021-02-09,AIG,UP,BUY,BUY,HOLD,HOLD,BUY,HOLD,HOLD,BUY
2021-02-10,AIG,UP,BUY,BUY,HOLD,SELL,BUY,HOLD,SELL,BUY
2021-02-11,AIG,UP,BUY,BUY,HOLD,HOLD,BUY,HOLD,HOLD,BUY
2021-02-12,AIG,UP,BUY,BUY,HOLD,HOLD,BUY,HOLD,HOLD,BUY
2021-02-16,AIG,UP,BUY,BUY,HOLD,HOLD,BUY,HOLD,HOLD,BUY
2021-02-17,AIG,UP,BUY,BUY,HOLD,SELL,BUY,HOLD,SELL,BUY
2021-02-18,AIG,UP,BUY,BUY,HOLD,HOLD,BUY,HOLD,HOLD,BUY
2021-02-19,AIG,UP,BUY,BUY,HOLD,HOLD,BUY,HOLD,HOLD,BUY
2021-02-22,AIG,UP,BUY,BUY,HOLD,SELL,BUY,HOLD,SELL,BUY
2021-02-23,AIG,UP,BUY,BUY,HOLD,SELL,BUY,HOLD,SELL,BUY
2021-02-24,AIG,UP,BUY,BUY,HOLD,SELL,BUY,HOLD,SELL,BUY
2021-02-25,AIG,UP,BUY,BUY,HOLD,HOLD,BUY,HOLD,HOLD,BUY
2021-02-26,AIG,UP,BUY,BUY,HOLD,HOLD,BUY,HOLD,HOLD,BUY
2021-03-01,AIG,UP,BUY,BUY,HOLD,HOLD,BUY,HOLD,HOLD,BUY
2021-03-02,AIG,UP,BUY,BUY,HOLD,SELL,BUY,HOLD,SELL,BUY
2021-03-03,AIG,UP,BUY,BUY,HOLD,SELL,BUY,HOLD,SELL,BUY
2021-03-04,AIG,UP,BUY,BUY,HOLD,HOLD,BUY,HOLD,HOLD,BUY
2021-03-05,AIG,UP,BUY,BUY,HOLD,SELL,BUY,HOLD,SELL,BUY
2021-03-08,AIG,UP,BUY,BUY,HOLD,SELL,BUY,HOLD,SELL,BUY
2021-03-09,AIG,UP,BUY,BUY,HOLD,HOLD,BUY,HOLD,HOLD,BUY
2021-03-10,AIG,UP,BUY,BUY,HOLD,SELL,BUY,HOLD,SELL,BUY
2021-03-11,AIG,UP,BUY,BUY,HOLD,SELL,BUY,HOLD,SELL,BUY
2021-03-12,AIG,UP,BUY,BUY,HOLD,SELL,BUY,HOLD,SELL,BUY
2021-03-15,AIG,UP,BUY,BUY,HOLD,SELL,BUY,HOLD,SELL,BUY
2021-03-16,AIG,UP,BUY,BUY,HOLD,HOLD,BUY,HOLD,HOLD,BUY
2021-03-17,AIG,UP,BUY,SELL,HOLD,HOLD,BUY,HOLD,HOLD,BUY
2021-03-18,AIG,UP,BUY,SELL,HOLD,HOLD,BUY,HOLD,HOLD,BUY
2021-03-19,AIG,UP,BUY,SELL,HOLD,HOLD,BUY,HOLD,HOLD,BUY
2021-03-22,AIG,UP,BUY,SELL,HOLD,HOLD,BUY,HOLD,HOLD,BUY
2021-03-23,AIG,UP,BUY,SELL,HOLD,HOLD,BUY,HOLD,HOLD,BUY
2021-03-24,AIG,UP,BUY,SELL,HOLD,HOLD,HOLD,HOLD,HOLD,HOLD
2021-03-25,AIG,UP,BUY,SELL,HOLD,HOLD,BUY,HOLD,HOLD,BUY
2021-03-26,AIG,UP,BUY,SELL,HOLD,HOLD,BUY,HOLD,HOLD,BUY
2021-03-29,AIG,UP,BUY,SELL,HOLD,HOLD,BUY,HOLD,HOLD,BUY
2021-03-30,AIG,UP,BUY,SELL,HOLD,HOLD,BUY,HOLD,HOLD,BUY
2021-03-31,AIG,UP,BUY,SELL,HOLD,HOLD,BUY,HOLD,HOLD,BUY
2021-04-01,AIG,UP,BUY,SELL,HOLD,HOLD,BUY,HOLD,HOLD,BUY
2021-04-05,AIG,UP,BUY,SELL,HOLD,HOLD,BUY,HOLD,HOLD,BUY
2021-04-06,AIG,UP,BUY,SELL,HOLD,HOLD,BUY,HOLD,HOLD,BUY
2021-04-07,AIG,UP,BUY,SELL,HOLD,HOLD,BUY,HOLD,HOLD,BUY
2021-04-08,AIG,UP,BUY,SELL,HOLD,HOLD,BUY,HOLD,HOLD,BUY
2021-04-09,AIG,UP,BUY,SELL,HOLD,HOLD,BUY,HOLD,HOLD,BUY
2021-04-12,AIG,UP,BUY,SELL,HOLD,HOLD,BUY,HOLD,HOLD,BUY
2021-04-13,AIG,UP,BUY,SELL,HOLD,HOLD,BUY,HOLD,HOLD,BUY
2021-04-14,AIG,UP,BUY,SELL,HOLD,HOLD,BUY,HOLD,HOLD,BUY
2021-04-15,AIG,UP,BUY,SELL,HOLD,HOLD,BUY,HOLD,HOLD,BUY
2021-04-16,AIG,UP,BUY,SELL,HOLD,HOLD,BUY,HOLD,HOLD,BUY
2021-04-19,AIG,UP,BUY,SELL,HOLD,HOLD,BUY,HOLD,HOLD,BUY
2021-04-20,AIG,UP,BUY,SELL,HOLD,HOLD,HOLD,HOLD,HOLD,HOLD
2021-04-21,AIG,UP,BUY,SELL,HOLD,HOLD,HOLD,HOLD,HOLD,HOLD
2021-04-22,AIG,UP,BUY,SELL,HOLD,HOLD,SELL,HOLD,HOLD,SELL
2021-04-23,AIG,UP,BUY,SELL,HOLD,HOLD,BUY,HOLD,HOLD,BUY
2021-04-26,AIG,UP,BUY,SELL,HOLD,HOLD,BUY,HOLD,HOLD,BUY
2021-04-27,AIG,UP,BUY,BUY,SELL,HOLD,BUY,SELL,HOLD,BUY
2021-04-28,AIG,UP,BUY,BUY,SELL,HOLD,BUY,SELL,HOLD,BUY
2021-04-29,AIG,UP,BUY,BUY,SELL,HOLD,BUY,SELL,HOLD,BUY
2021-04-30,AIG,UP,BUY,BUY,HOLD,HOLD,BUY,HOLD,HOLD,BUY
2021-05-03,AIG,UP,BUY,BUY,HOLD,HOLD,BUY,HOLD,HOLD,BUY
2021-05-04,AIG,UP,BUY,BUY,HOLD,HOLD,BUY,HOLD,HOLD,BUY
2021-05-05,AIG,UP,BUY,BUY,HOLD,HOLD,BUY,HOLD,HOLD,BUY
2021-05-06,AIG,UP,BUY,BUY,SELL,SELL,BUY,SELL,SELL,BUY
2021-05-07,AIG,UP,BUY,BUY,SELL,SELL,BUY,SELL,SELL,BUY
2021-05-10,AIG,UP,BUY,BUY,SELL,SELL,BUY,SELL,SELL,BUY
2021-05-11,AIG,UP,BUY,BUY,HOLD,HOLD,BUY,HOLD,HOLD,BUY
2021-05-12,AIG,UP,BUY,BUY,HOLD,HOLD,BUY,HOLD,HOLD,BUY
2021-05-13,AIG,UP,BUY,BUY,HOLD,HOLD,BUY,HOLD,HOLD,BUY
2021-05-14,AIG,UP,BUY,BUY,HOLD,HOLD,BUY,HOLD,HOLD,BUY
2021-05-17,AIG,UP,BUY,BUY,HOLD,HOLD,BUY,HOLD,HOLD,BUY
2021-05-18,AIG,UP,BUY,BUY,HOLD,HOLD,BUY,HOLD,HOLD,BUY
2021-05-19,AIG,UP,BUY,BUY,HOLD,HOLD,BUY,HOLD,HOLD,BUY
2021-05-20,AIG,UP,BUY,SELL,HOLD,HOLD,BUY,HOLD,HOLD,BUY
2021-05-21,AIG,UP,BUY,SELL,HOLD,HOLD,BUY,HOLD,HOLD,BUY
2021-05-24,AIG,UP,BUY,SELL,HOLD,HOLD,BUY,HOLD,HOLD,BUY
2021-05-25,AIG,UP,BUY,SELL,HOLD,HOLD,BUY,HOLD,HOLD,BUY
2021-05-26,AIG,UP,BUY,SELL,HOLD,HOLD,BUY,HOLD,HOLD,BUY
2021-05-27,AIG,UP,BUY,BUY,HOLD,HOLD,BUY,HOLD,HOLD,BUY
2021-05-28,AIG,UP,BUY,BUY,HOLD,HOLD,BUY,HOLD,HOLD,BUY
2021-06-01,AIG,UP,BUY,BUY,SELL,SELL,BUY,SELL,SELL,BUY
2021-06-02,AIG,UP,BUY,BUY,HOLD,HOLD,BUY,HOLD,HOLD,BUY
2021-06-03,AIG,UP,BUY,BUY,HOLD,HOLD,BUY,HOLD,HOLD,BUY
2021-06-04,AIG,UP,BUY,BUY,HOLD,HOLD,BUY,HOLD,HOLD,BUY
2021-06-07,AIG,UP,BUY,BUY,HOLD,HOLD,BUY,HOLD,HOLD,BUY
2021-06-08,AIG,UP,BUY,BUY,HOLD,HOLD,BUY,HOLD,HOLD,BUY
2021-06-09,AIG,UP,BUY,SELL,HOLD,HOLD,BUY,HOLD,HOLD,BUY
2021-06-10,AIG,UP,BUY,SELL,HOLD,HOLD,BUY,HOLD,HOLD,BUY
2021-06-11,AIG,UP,BUY,SELL,HOLD,HOLD,BUY,HOLD,HOLD,BUY
2021-06-14,AIG,UP,BUY,SELL,HOLD,HOLD,BUY,HOLD,HOLD,BUY
2021-06-15,AIG,UP,BUY,SELL,HOLD,HOLD,HOLD,HOLD,HOLD,HOLD
2021-06-16,AIG,UP,BUY,SELL,HOLD,HOLD,HOLD,HOLD,HOLD,HOLD
2021-06-17,AIG,UP,BUY,SELL,BUY,BUY,HOLD,BUY,BUY,HOLD
2021-06-18,AIG,UP,BUY,SELL,BUY,BUY,SELL,BUY,BUY,SELL
2021-06-21,AIG,UP,BUY,SELL,BUY,BUY,SELL,BUY,BUY,SELL
2021-06-22,AIG,UP,BUY,SELL,HOLD,BUY,SELL,HOLD,BUY,SELL
2021-06-23,AIG,UP,BUY,SELL,HOLD,BUY,SELL,HOLD,BUY,SELL
2021-06-24,AIG,UP,BUY,SELL,HOLD,HOLD,HOLD,HOLD,HOLD,HOLD
2021-06-25,AIG,UP,BUY,SELL,HOLD,HOLD,HOLD,HOLD,HOLD,HOLD
2021-06-28,AIG,UP,BUY,SELL,HOLD,HOLD,HOLD,HOLD,HOLD,HOLD
2021-06-29,AIG,UP,BUY,SELL,HOLD,HOLD,HOLD,HOLD,HOLD,HOLD
2021-06-30,AIG,UP,BUY,SELL,HOLD,HOLD,HOLD,HOLD,HOLD,HOLD
2021-07-01,AIG,UP,BUY,SELL,HOLD,HOLD,HOLD,HOLD,HOLD,HOLD
2021-07-02,AIG,UP,BUY,SELL,HOLD,HOLD,HOLD,HOLD,HOLD,HOLD
2021-07-06,AIG,UP,BUY,SELL,HOLD,HOLD,HOLD,HOLD,HOLD,HOLD
2021-07-07,AIG,UP,BUY,SELL,HOLD,HOLD,HOLD,HOLD,HOLD,HOLD
2021-07-08,AIG,UP,BUY,SELL,HOLD,BUY,SELL,HOLD,BUY,SELL
2021-07-09,AIG,UP,BUY,SELL,HOLD,HOLD,HOLD,HOLD,HOLD,HOLD
2021-07-12,AIG,UP,BUY,SELL,HOLD,HOLD,HOLD,HOLD,HOLD,HOLD
2021-07-13,AIG,UP,BUY,SELL,HOLD,HOLD,HOLD,HOLD,HOLD,HOLD
2021-07-14,AIG,UP,BUY,SELL,HOLD,HOLD,HOLD,HOLD,HOLD,HOLD
2021-07-15,AIG,UP,BUY,BUY,HOLD,HOLD,HOLD,HOLD,HOLD,HOLD
2021-07-16,AIG,UP,BUY,BUY,HOLD,HOLD,HOLD,HOLD,HOLD,HOLD
2021-07-19,AIG,UP,BUY,SELL,BUY,HOLD,SELL,BUY,HOLD,SELL
2021-07-20,AIG,UP,BUY,BUY,HOLD,HOLD,HOLD,HOLD,HOLD,HOLD
2021-07-21,AIG,UP,BUY,BUY,HOLD,HOLD,HOLD,HOLD,HOLD,HOLD
2021-07-22,AIG,UP,BUY,BUY,HOLD,HOLD,HOLD,HOLD,HOLD,HOLD
2021-07-23,AIG,UP,BUY,BUY,HOLD,HOLD,HOLD,HOLD,HOLD,HOLD
2021-07-26,AIG,UP,BUY,BUY,HOLD,HOLD,HOLD,HOLD,HOLD,HOLD
2021-07-27,AIG,UP,BUY,BUY,HOLD,HOLD,HOLD,HOLD,HOLD,HOLD
2021-07-28,AIG,UP,BUY,BUY,HOLD,HOLD,SELL,HOLD,HOLD,SELL
2021-07-29,AIG,UP,BUY,BUY,HOLD,HOLD,SELL,HOLD,HOLD,SELL
2021-07-30,AIG,UP,BUY,BUY,HOLD,HOLD,SELL,HOLD,HOLD,SELL
2021-08-02,AIG,UP,BUY,BUY,HOLD,HOLD,SELL,HOLD,HOLD,SELL
2021-08-03,AIG,UP,BUY,BUY,HOLD,HOLD,HOLD,HOLD,HOLD,HOLD
2021-08-04,AIG,UP,BUY,BUY,HOLD,HOLD,SELL,HOLD,HOLD,SELL
2021-08-05,AIG,UP,BUY,BUY,HOLD,HOLD,BUY,HOLD,HOLD,BUY
2021-08-06,AIG,UP,BUY,BUY,SELL,SELL,BUY,SELL,SELL,BUY
2021-08-09,AIG,UP,BUY,BUY,SELL,SELL,BUY,SELL,SELL,BUY
2021-08-10,AIG,UP,BUY,BUY,SELL,SELL,BUY,SELL,SELL,BUY
2021-08-11,AIG,UP,BUY,BUY,SELL,SELL,BUY,SELL,SELL,BUY
2021-08-12,AIG,UP,BUY,BUY,SELL,SELL,BUY,SELL,SELL,BUY
2021-08-13,AIG,UP,BUY,BUY,SELL,SELL,BUY,SELL,SELL,BUY
2021-08-16,AIG,UP,BUY,BUY,HOLD,SELL,BUY,HOLD,SELL,BUY
2021-08-17,AIG,UP,BUY,BUY,HOLD,SELL,BUY,HOLD,SELL,BUY
2021-08-18,AIG,UP,BUY,BUY,HOLD,SELL,BUY,HOLD,SELL,BUY
2021-08-19,AIG,UP,BUY,BUY,HOLD,HOLD,BUY,HOLD,HOLD,BUY
2021-08-20,AIG,UP,BUY,BUY,HOLD,HOLD,BUY,HOLD,HOLD,BUY
2021-08-23,AIG,UP,BUY,BUY,HOLD,HOLD,BUY,HOLD,HOLD,BUY
2021-08-24,AIG,UP,BUY,BUY,HOLD,HOLD,BUY,HOLD,HOLD,BUY
2021-08-25,AIG,UP,BUY,BUY,HOLD,SELL,BUY,HOLD,SELL,BUY
2021-08-26,AIG,UP,BUY,BUY,HOLD,HOLD,BUY,HOLD,HOLD,BUY
2021-08-27,AIG,UP,BUY,BUY,HOLD,HOLD,BUY,HOLD,HOLD,BUY
2021-08-30,AIG,UP,BUY,SELL,HOLD,HOLD,BUY,HOLD,HOLD,BUY
2021-08-31,AIG,UP,BUY,SELL,HOLD,HOLD,BUY,HOLD,HOLD,BUY
2021-09-01,AIG,UP,BUY,SELL,HOLD,HOLD,BUY,HOLD,HOLD,BUY
2021-09-02,AIG,UP,BUY,SELL,HOLD,HOLD,BUY,HOLD,HOLD,BUY
2021-09-03,AIG,UP,BUY,SELL,HOLD,HOLD,BUY,HOLD,HOLD,BUY
2021-09-07,AIG,UP,BUY,SELL,HOLD,HOLD,BUY,HOLD,HOLD,BUY
2021-09-08,AIG,UP,BUY,SELL,HOLD,HOLD,BUY,HOLD,HOLD,BUY
2021-09-09,AIG,UP,BUY,SELL,HOLD,HOLD,BUY,HOLD,HOLD,BUY
2021-09-10,AIG,UP,BUY,SELL,HOLD,HOLD,BUY,HOLD,HOLD,BUY
2021-09-13,AIG,UP,BUY,SELL,HOLD,HOLD,BUY,HOLD,HOLD,BUY
2021-09-14,AIG,UP,BUY,SELL,HOLD,HOLD,BUY,HOLD,HOLD,BUY
2021-09-15,AIG,UP,BUY,SELL,HOLD,HOLD,BUY,HOLD,HOLD,BUY
2021-09-16,AIG,UP,BUY,SELL,HOLD,HOLD,BUY,HOLD,HOLD,BUY
2021-09-17,AIG,UP,BUY,SELL,HOLD,HOLD,HOLD,HOLD,HOLD,HOLD
2021-09-20,AIG,UP,BUY,SELL,BUY,HOLD,SELL,BUY,HOLD,SELL
2021-09-21,AIG,NEUTRAL,BUY,SELL,BUY,BUY,SELL,SELL,SELL,SELL
2021-09-22,AIG,UP,BUY,SELL,HOLD,HOLD,SELL,HOLD,HOLD,SELL
2021-09-23,AIG,NEUTRAL,BUY,SELL,HOLD,HOLD,SELL,SELL,SELL,SELL
2021-09-24,AIG,NEUTRAL,BUY,SELL,HOLD,HOLD,HOLD,SELL,SELL,SELL
2021-09-27,AIG,NEUTRAL,BUY,BUY,SELL,SELL,HOLD,BUY,BUY,BUY
2021-09-28,AIG,NEUTRAL,BUY,BUY,HOLD,HOLD,HOLD,BUY,BUY,BUY
2021-09-29,AIG,NEUTRAL,BUY,BUY,HOLD,HOLD,HOLD,BUY,BUY,BUY
2021-09-30,AIG,NEUTRAL,BUY,BUY,HOLD,HOLD,HOLD,BUY,BUY,BUY
2021-10-01,AIG,NEUTRAL,BUY,BUY,HOLD,HOLD,HOLD,BUY,BUY,BUY
2021-10-04,AIG,NEUTRAL,BUY,BUY,HOLD,HOLD,BUY,BUY,BUY,BUY
2021-10-05,AIG,NEUTRAL,BUY,BUY,SELL,SELL,BUY,BUY,BUY,BUY
2021-10-06,AIG,NEUTRAL,BUY,BUY,HOLD,HOLD,BUY,BUY,BUY,BUY
2021-10-07,AIG,NEUTRAL,BUY,BUY,HOLD,HOLD,BUY,BUY,BUY,BUY
2021-10-08,AIG,NEUTRAL,BUY,BUY,HOLD,HOLD,BUY,BUY,BUY,BUY
2021-10-11,AIG,NEUTRAL,BUY,BUY,HOLD,SELL,BUY,BUY,BUY,BUY
2021-10-12,AIG,NEUTRAL,BUY,BUY,HOLD,HOLD,BUY,BUY,BUY,BUY
2021-10-13,AIG,NEUTRAL,BUY,BUY,HOLD,HOLD,BUY,BUY,BUY,BUY
2021-10-14,AIG,NEUTRAL,BUY,BUY,HOLD,HOLD,BUY,BUY,BUY,BUY
2021-10-15,AIG,NEUTRAL,BUY,BUY,HOLD,HOLD,BUY,BUY,BUY,BUY
2021-10-18,AIG,NEUTRAL,BUY,BUY,HOLD,HOLD,BUY,BUY,BUY,BUY
2021-10-19,AIG,NEUTRAL,BUY,BUY,HOLD,HOLD,BUY,BUY,BUY,BUY
2021-10-20,AIG,NEUTRAL,BUY,BUY,SELL,SELL,BUY,BUY,BUY,BUY
2021-10-21,AIG,NEUTRAL,BUY,BUY,HOLD,HOLD,BUY,BUY,BUY,BUY
2021-10-22,AIG,NEUTRAL,BUY,BUY,SELL,SELL,BUY,BUY,BUY,BUY
2021-10-25,AIG,NEUTRAL,BUY,BUY,HOLD,HOLD,BUY,BUY,BUY,BUY
2021-10-26,AIG,NEUTRAL,BUY,BUY,HOLD,HOLD,BUY,BUY,BUY,BUY
2021-10-27,AIG,NEUTRAL,BUY,BUY,HOLD,HOLD,BUY,BUY,BUY,BUY
2021-10-28,AIG,NEUTRAL,BUY,BUY,HOLD,HOLD,BUY,BUY,BUY,BUY
2021-10-29,AIG,NEUTRAL,BUY,SELL,HOLD,HOLD,HOLD,SELL,SELL,SELL
2021-11-01,AIG,NEUTRAL,BUY,SELL,HOLD,HOLD,HOLD,SELL,SELL,SELL
2021-11-02,AIG,NEUTRAL,BUY,SELL,HOLD,HOLD,HOLD,SELL,SELL,SELL
2021-11-03,AIG,NEUTRAL,BUY,BUY,HOLD,HOLD,HOLD,BUY,BUY,BUY
2021-11-04,AIG,NEUTRAL,BUY,BUY,HOLD,HOLD,HOLD,BUY,BUY,BUY
2021-11-05,AIG,NEUTRAL,BUY,SELL,HOLD,HOLD,HOLD,SELL,SELL,SELL
2021-11-08,AIG,NEUTRAL,BUY,SELL,HOLD,HOLD,HOLD,SELL,SELL,SELL
2021-11-09,AIG,NEUTRAL,BUY,SELL,HOLD,HOLD,HOLD,SELL,SELL,SELL
2021-11-10,AIG,NEUTRAL,BUY,SELL,HOLD,HOLD,HOLD,SELL,SELL,SELL
2021-11-11,AIG,NEUTRAL,BUY,SELL,HOLD,HOLD,HOLD,SELL,SELL,SELL
2021-11-12,AIG,NEUTRAL,BUY,SELL,HOLD,HOLD,SELL,SELL,SELL,SELL
2021-11-15,AIG,NEUTRAL,BUY,SELL,HOLD,HOLD,SELL,SELL,SELL,SELL
2021-11-16,AIG,NEUTRAL,BUY,SELL,BUY,BUY,SELL,SELL,SELL,SELL
2021-11-17,AIG,NEUTRAL,BUY,SELL,BUY,BUY,SELL,SELL,SELL,SELL
2021-11-18,AIG,NEUTRAL,BUY,SELL,BUY,BUY,SELL,SELL,SELL,SELL
2021-11-19,AIG,NEUTRAL,BUY,SELL,BUY,BUY,SELL,SELL,SELL,SELL
2021-11-22,AIG,NEUTRAL,BUY,SELL,HOLD,HOLD,SELL,SELL,SELL,SELL
2021-11-23,AIG,NEUTRAL,BUY,SELL,HOLD,HOLD,SELL,SELL,SELL,SELL
2021-11-24,AIG,NEUTRAL,BUY,SELL,HOLD,HOLD,SELL,SELL,SELL,SELL
2021-11-26,AIG,NEUTRAL,BUY,SELL,HOLD,HOLD,SELL,SELL,SELL,SELL
2021-11-29,AIG,NEUTRAL,BUY,SELL,HOLD,HOLD,SELL,SELL,SELL,SELL
2021-11-30,AIG,NEUTRAL,BUY,SELL,BUY,BUY,SELL,SELL,SELL,SELL
2021-12-01,AIG,NEUTRAL,BUY,SELL,BUY,BUY,SELL,SELL,SELL,SELL
2021-12-02,AIG,NEUTRAL,BUY,SELL,HOLD,HOLD,SELL,SELL,SELL,SELL
2021-12-03,AIG,NEUTRAL,BUY,SELL,HOLD,HOLD,SELL,SELL,SELL,SELL
2021-12-06,AIG,NEUTRAL,BUY,SELL,HOLD,HOLD,SELL,SELL,SELL,SELL
2021-12-07,AIG,NEUTRAL,BUY,SELL,HOLD,HOLD,SELL,SELL,SELL,SELL
2021-12-08,AIG,NEUTRAL,BUY,SELL,HOLD,HOLD,SELL,SELL,SELL,SELL
2021-12-09,AIG,NEUTRAL,BUY,SELL,HOLD,HOLD,SELL,SELL,SELL,SELL
2021-12-10,AIG,NEUTRAL,BUY,SELL,HOLD,HOLD,SELL,SELL,SELL,SELL
2021-12-13,AIG,NEUTRAL,BUY,SELL,HOLD,HOLD,SELL,SELL,SELL,SELL
2021-12-14,AIG,NEUTRAL,BUY,BUY,HOLD,HOLD,SELL,BUY,BUY,BUY
2021-12-15,AIG,NEUTRAL,BUY,BUY,HOLD,HOLD,SELL,BUY,BUY,BUY
2021-12-16,AIG,NEUTRAL,BUY,BUY,HOLD,HOLD,SELL,BUY,BUY,BUY
2021-12-17,AIG,NEUTRAL,BUY,BUY,HOLD,HOLD,SELL,BUY,BUY,BUY
2021-12-20,AIG,NEUTRAL,BUY,BUY,HOLD,HOLD,SELL,BUY,BUY,BUY
2021-12-21,AIG,NEUTRAL,BUY,BUY,HOLD,HOLD,SELL,BUY,BUY,BUY
2021-12-22,AIG,NEUTRAL,BUY,BUY,HOLD,HOLD,SELL,BUY,BUY,BUY
2021-12-23,AIG,NEUTRAL,BUY,BUY,SELL,HOLD,HOLD,BUY,BUY,BUY
2021-12-27,AIG,NEUTRAL,BUY,BUY,SELL,HOLD,HOLD,BUY,BUY,BUY
2021-12-28,AIG,NEUTRAL,BUY,BUY,HOLD,HOLD,HOLD,BUY,BUY,BUY
2021-12-29,AIG,NEUTRAL,BUY,BUY,HOLD,HOLD,HOLD,BUY,BUY,BUY
2021-12-30,AIG,NEUTRAL,BUY,BUY,HOLD,HOLD,HOLD,BUY,BUY,BUY
2021-12-31,AIG,NEUTRAL,BUY,BUY,HOLD,HOLD,HOLD,BUY,BUY,BUY
2022-01-03,AIG,NEUTRAL,BUY,BUY,HOLD,HOLD,BUY,BUY,BUY,BUY
2022-01-04,AIG,NEUTRAL,BUY,BUY,SELL,SELL,BUY,BUY,BUY,BUY
2022-01-05,AIG,NEUTRAL,BUY,BUY,HOLD,HOLD,BUY,BUY,BUY,BUY
2022-01-06,AIG,NEUTRAL,BUY,BUY,HOLD,SELL,BUY,BUY,BUY,BUY
2022-01-07,AIG,NEUTRAL,BUY,BUY,SELL,SELL,BUY,BUY,BUY,BUY
2022-01-10,AIG,NEUTRAL,BUY,BUY,SELL,SELL,BUY,BUY,BUY,BUY
2022-01-11,AIG,NEUTRAL,BUY,BUY,SELL,SELL,BUY,BUY,BUY,BUY
2022-01-12,AIG,NEUTRAL,BUY,BUY,HOLD,SELL,BUY,BUY,BUY,BUY
2022-01-13,AIG,NEUTRAL,BUY,BUY,HOLD,SELL,BUY,BUY,BUY,BUY
2022-01-14,AIG,NEUTRAL,BUY,BUY,HOLD,SELL,BUY,BUY,BUY,BUY
2022-01-18,AIG,NEUTRAL,BUY,BUY,HOLD,HOLD,BUY,BUY,BUY,BUY
2022-01-19,AIG,NEUTRAL,BUY,BUY,HOLD,HOLD,BUY,BUY,BUY,BUY
2022-01-20,AIG,NEUTRAL,BUY,SELL,HOLD,HOLD,BUY,SELL,SELL,SELL
2022-01-21,AIG,NEUTRAL,BUY,SELL,HOLD,HOLD,BUY,SELL,SELL,SELL
2022-01-24,AIG,NEUTRAL,BUY,SELL,HOLD,HOLD,HOLD,SELL,SELL,SELL
2022-01-25,AIG,NEUTRAL,BUY,SELL,HOLD,HOLD,HOLD,SELL,SELL,SELL
2022-01-26,AIG,NEUTRAL,BUY,SELL,HOLD,HOLD,HOLD,SELL,SELL,SELL
2022-01-27,AIG,NEUTRAL,BUY,SELL,HOLD,HOLD,HOLD,SELL,SELL,SELL
2022-01-28,AIG,NEUTRAL,BUY,SELL,HOLD,HOLD,HOLD,SELL,SELL,SELL
2022-01-31,AIG,NEUTRAL,BUY,SELL,HOLD,HOLD,HOLD,SELL,SELL,SELL
2022-02-01,AIG,NEUTRAL,BUY,SELL,HOLD,HOLD,HOLD,SELL,SELL,SELL
2022-02-02,AIG,NEUTRAL,BUY,SELL,HOLD,HOLD,BUY,SELL,SELL,SELL
2022-02-03,AIG,NEUTRAL,BUY,SELL,HOLD,HOLD,BUY,SELL,SELL,SELL
2022-02-04,AIG,NEUTRAL,BUY,BUY,HOLD,HOLD,BUY,BUY,BUY,BUY
2022-02-07,AIG,NEUTRAL,BUY,BUY,HOLD,SELL,BUY,BUY,BUY,BUY
2022-02-08,AIG,NEUTRAL,BUY,BUY,HOLD,SELL,BUY,BUY,BUY,BUY
2022-02-09,AIG,NEUTRAL,BUY,BUY,HOLD,SELL,BUY,BUY,BUY,BUY
2022-02-10,AIG,NEUTRAL,BUY,BUY,HOLD,HOLD,BUY,BUY,BUY,BUY
2022-02-11,AIG,NEUTRAL,BUY,BUY,HOLD,HOLD,BUY,BUY,BUY,BUY
2022-02-14,AIG,NEUTRAL,BUY,BUY,HOLD,HOLD,HOLD,BUY,BUY,BUY
2022-02-15,AIG,NEUTRAL,BUY,SELL,HOLD,HOLD,HOLD,SELL,SELL,SELL
2022-02-16,AIG,NEUTRAL,BUY,SELL,HOLD,HOLD,HOLD,SELL,SELL,SELL
2022-02-17,AIG,NEUTRAL,BUY,SELL,HOLD,HOLD,HOLD,SELL,SELL,SELL
2022-02-18,AIG,NEUTRAL,BUY,BUY,HOLD,HOLD,BUY,BUY,BUY,BUY
2022-02-22,AIG,NEUTRAL,BUY,BUY,HOLD,HOLD,BUY,BUY,BUY,BUY
2022-02-23,AIG,NEUTRAL,BUY,BUY,HOLD,HOLD,HOLD,BUY,BUY,BUY
2022-02-24,AIG,NEUTRAL,BUY,SELL,HOLD,HOLD,HOLD,SELL,SELL,SELL
2022-02-25,AIG,NEUTRAL,BUY,BUY,HOLD,HOLD,HOLD,BUY,BUY,BUY
2022-02-28,AIG,NEUTRAL,BUY,SELL,HOLD,HOLD,HOLD,SELL,SELL,SELL
2022-03-01,AIG,NEUTRAL,BUY,SELL,BUY,HOLD,SELL,SELL,SELL,SELL
2022-03-02,AIG,NEUTRAL,BUY,SELL,HOLD,HOLD,HOLD,SELL,SELL,SELL
2022-03-03,AIG,NEUTRAL,BUY,SELL,HOLD,HOLD,SELL,SELL,SELL,SELL
2022-03-04,AIG,NEUTRAL,BUY,SELL,BUY,HOLD,SELL,SELL,SELL,SELL
2022-03-07,AIG,NEUTRAL,BUY,SELL,BUY,BUY,SELL,SELL,SELL,SELL
2022-03-08,AIG,NEUTRAL,BUY,SELL,BUY,HOLD,SELL,SELL,SELL,SELL
2022-03-09,AIG,NEUTRAL,BUY,SELL,HOLD,HOLD,SELL,SELL,SELL,SELL
2022-03-10,AIG,NEUTRAL,BUY,SELL,HOLD,HOLD,SELL,SELL,SELL,SELL
2022-03-11,AIG,NEUTRAL,BUY,SELL,HOLD,HOLD,SELL,SELL,SELL,SELL
2022-03-14,AIG,NEUTRAL,BUY,SELL,HOLD,HOLD,SELL,SELL,SELL,SELL
2022-03-15,AIG,NEUTRAL,BUY,SELL,HOLD,HOLD,SELL,SELL,SELL,SELL
2022-03-16,AIG,NEUTRAL,BUY,SELL,HOLD,HOLD,HOLD,SELL,SELL,SELL
2022-03-17,AIG,NEUTRAL,BUY,BUY,HOLD,HOLD,BUY,BUY,BUY,BUY
2022-03-18,AIG,NEUTRAL,BUY,BUY,HOLD,HOLD,BUY,BUY,BUY,BUY
2022-03-21,AIG,NEUTRAL,BUY,BUY,HOLD,HOLD,BUY,BUY,BUY,BUY
2022-03-22,AIG,NEUTRAL,BUY,BUY,HOLD,HOLD,BUY,BUY,BUY,BUY
2022-03-23,AIG,NEUTRAL,BUY,BUY,HOLD,HOLD,BUY,BUY,BUY,BUY
2022-03-24,AIG,NEUTRAL,BUY,BUY,HOLD,HOLD,BUY,BUY,BUY,BUY
2022-03-25,AIG,NEUTRAL,BUY,BUY,SELL,SELL,BUY,BUY,BUY,BUY
2022-03-28,AIG,NEUTRAL,BUY,BUY,HOLD,HOLD,BUY,BUY,BUY,BUY
2022-03-29,AIG,NEUTRAL,BUY,BUY,HOLD,HOLD,BUY,BUY,BUY,BUY
2022-03-30,AIG,NEUTRAL,BUY,BUY,HOLD,HOLD,BUY,BUY,BUY,BUY
2022-03-31,AIG,NEUTRAL,BUY,BUY,HOLD,HOLD,BUY,BUY,BUY,BUY
2022-04-01,AIG,NEUTRAL,BUY,BUY,HOLD,HOLD,BUY,BUY,BUY,BUY
2022-04-04,AIG,NEUTRAL,BUY,BUY,HOLD,HOLD,BUY,BUY,BUY,BUY
2022-04-05,AIG,NEUTRAL,BUY,BUY,HOLD,HOLD,BUY,BUY,BUY,BUY
2022-04-06,AIG,NEUTRAL,BUY,SELL,HOLD,HOLD,BUY,SELL,SELL,SELL
2022-04-07,AIG,NEUTRAL,BUY,SELL,HOLD,HOLD,HOLD,SELL,SELL,SELL
2022-04-08,AIG,NEUTRAL,BUY,SELL,HOLD,HOLD,HOLD,SELL,SELL,SELL
2022-04-11,AIG,NEUTRAL,BUY,SELL,HOLD,HOLD,HOLD,SELL,SELL,SELL
2022-04-12,AIG,NEUTRAL,BUY,SELL,HOLD,HOLD,HOLD,SELL,SELL,SELL
2022-04-13,AIG,NEUTRAL,BUY,SELL,HOLD,HOLD,HOLD,SELL,SELL,SELL
2022-04-14,AIG,NEUTRAL,BUY,SELL,HOLD,HOLD,HOLD,SELL,SELL,SELL
2022-04-18,AIG,NEUTRAL,BUY,SELL,HOLD,HOLD,BUY,SELL,SELL,SELL
2022-04-19,AIG,NEUTRAL,BUY,SELL,HOLD,HOLD,HOLD,SELL,SELL,SELL
2022-04-20,AIG,NEUTRAL,BUY,BUY,HOLD,HOLD,BUY,BUY,BUY,BUY
2022-04-21,AIG,NEUTRAL,BUY,SELL,HOLD,HOLD,HOLD,SELL,SELL,SELL
2022-04-22,AIG,NEUTRAL,BUY,SELL,BUY,HOLD,SELL,SELL,SELL,SELL
2022-04-25,AIG,NEUTRAL,BUY,SELL,BUY,BUY,SELL,SELL,SELL,SELL
2022-04-26,AIG,NEUTRAL,BUY,SELL,BUY,BUY,SELL,SELL,SELL,SELL
2022-04-27,AIG,NEUTRAL,BUY,SELL,HOLD,HOLD,SELL,SELL,SELL,SELL
2022-04-28,AIG,NEUTRAL,BUY,SELL,HOLD,HOLD,SELL,SELL,SELL,SELL
2022-04-29,AIG,NEUTRAL,BUY,SELL,HOLD,HOLD,SELL,SELL,SELL,SELL
2022-05-02,AIG,NEUTRAL,BUY,SELL,HOLD,HOLD,SELL,SELL,SELL,SELL
2022-05-03,AIG,NEUTRAL,BUY,SELL,HOLD,HOLD,SELL,SELL,SELL,SELL
2022-05-04,AIG,NEUTRAL,BUY,SELL,HOLD,HOLD,HOLD,SELL,SELL,SELL
2022-05-05,AIG,NEUTRAL,BUY,BUY,HOLD,HOLD,BUY,BUY,BUY,BUY
2022-05-06,AIG,NEUTRAL,BUY,BUY,HOLD,HOLD,BUY,BUY,BUY,BUY
2022-05-09,AIG,NEUTRAL,BUY,BUY,HOLD,HOLD,HOLD,BUY,BUY,BUY
2022-05-10,AIG,NEUTRAL,BUY,SELL,HOLD,HOLD,HOLD,SELL,SELL,SELL
2022-05-11,AIG,NEUTRAL,BUY,SELL,HOLD,HOLD,SELL,SELL,SELL,SELL
2022-05-12,AIG,NEUTRAL,BUY,SELL,HOLD,HOLD,SELL,SELL,SELL,SELL
2022-05-13,AIG,NEUTRAL,BUY,SELL,HOLD,HOLD,SELL,SELL,SELL,SELL
2022-05-16,AIG,NEUTRAL,BUY,SELL,HOLD,HOLD,SELL,SELL,SELL,SELL
2022-05-17,AIG,NEUTRAL,BUY,SELL,HOLD,HOLD,HOLD,SELL,SELL,SELL
2022-05-18,AIG,NEUTRAL,BUY,SELL,HOLD,HOLD,SELL,SELL,SELL,SELL
2022-05-19,AIG,NEUTRAL,BUY,SELL,HOLD,HOLD,SELL,SELL,SELL,SELL
2022-05-20,AIG,NEUTRAL,BUY,SELL,BUY,BUY,SELL,SELL,SELL,SELL
2022-05-23,AIG,NEUTRAL,BUY,SELL,HOLD,HOLD,SELL,SELL,SELL,SELL
2022-05-24,AIG,NEUTRAL,BUY,SELL,HOLD,HOLD,SELL,SELL,SELL,SELL
2022-05-25,AIG,NEUTRAL,BUY,SELL,HOLD,HOLD,SELL,SELL,SELL,SELL
2022-05-26,AIG,NEUTRAL,BUY,SELL,HOLD,HOLD,SELL,SELL,SELL,SELL
2022-05-27,AIG,NEUTRAL,BUY,BUY,HOLD,HOLD,HOLD,BUY,BUY,BUY
2022-05-31,AIG,NEUTRAL,BUY,BUY,HOLD,HOLD,HOLD,BUY,BUY,BUY
2022-06-01,AIG,NEUTRAL,BUY,BUY,HOLD,HOLD,SELL,BUY,BUY,BUY
2022-06-02,AIG,NEUTRAL,BUY,BUY,HOLD,HOLD,SELL,BUY,BUY,BUY
2022-06-03,AIG,NEUTRAL,BUY,BUY,HOLD,HOLD,SELL,BUY,BUY,BUY
2022-06-06,AIG,NEUTRAL,BUY,BUY,HOLD,HOLD,SELL,BUY,BUY,BUY
2022-06-07,AIG,NEUTRAL,BUY,BUY,HOLD,HOLD,BUY,BUY,BUY,BUY
2022-06-08,AIG,NEUTRAL,BUY,BUY,HOLD,HOLD,SELL,BUY,BUY,BUY
2022-06-09,AIG,NEUTRAL,BUY,BUY,HOLD,HOLD,SELL,BUY,BUY,BUY
2022-06-10,AIG,NEUTRAL,BUY,SELL,BUY,BUY,SELL,SELL,SELL,SELL
2022-06-13,AIG,NEUTRAL,BUY,SELL,BUY,BUY,SELL,SELL,SELL,SELL
2022-06-14,AIG,NEUTRAL,BUY,SELL,BUY,BUY,SELL,SELL,SELL,SELL
2022-06-15,AIG,NEUTRAL,BUY,SELL,HOLD,BUY,SELL,SELL,SELL,SELL
2022-06-16,AIG,NEUTRAL,BUY,SELL,BUY,BUY,SELL,SELL,SELL,SELL
2022-06-17,AIG,NEUTRAL,BUY,SELL,HOLD,HOLD,SELL,SELL,SELL,SELL
2022-06-21,AIG,NEUTRAL,BUY,SELL,HOLD,HOLD,HOLD,SELL,SELL,SELL
2022-06-22,AIG,NEUTRAL,BUY,SELL,HOLD,HOLD,HOLD,SELL,SELL,SELL
2022-06-23,AIG,NEUTRAL,SELL,SELL,HOLD,BUY,HOLD,SELL,SELL,SELL
2022-06-24,AIG,NEUTRAL,SELL,SELL,HOLD,HOLD,HOLD,SELL,SELL,SELL
2022-06-27,AIG,NEUTRAL,SELL,SELL,HOLD,HOLD,HOLD,SELL,SELL,SELL
2022-06-28,AIG,NEUTRAL,SELL,SELL,HOLD,HOLD,SELL,SELL,SELL,SELL
2022-06-29,AIG,NEUTRAL,SELL,SELL,HOLD,HOLD,SELL,SELL,SELL,SELL
2022-06-30,AIG,NEUTRAL,SELL,BUY,HOLD,HOLD,SELL,BUY,BUY,BUY
2022-07-01,AIG,NEUTRAL,SELL,BUY,HOLD,HOLD,SELL,BUY,BUY,BUY
2022-07-05,AIG,NEUTRAL,SELL,BUY,HOLD,HOLD,SELL,BUY,BUY,BUY
2022-07-06,AIG,DOWN,SELL,BUY,HOLD,HOLD,SELL,BUY,BUY,BUY
2022-07-07,AIG,DOWN,SELL,BUY,HOLD,HOLD,SELL,BUY,BUY,BUY
2022-07-08,AIG,DOWN,SELL,BUY,HOLD,HOLD,SELL,BUY,BUY,BUY
2022-07-11,AIG,DOWN,SELL,BUY,HOLD,HOLD,SELL,BUY,BUY,BUY
2022-07-12,AIG,DOWN,SELL,BUY,HOLD,HOLD,SELL,BUY,BUY,BUY
2022-07-13,AIG,DOWN,SELL,BUY,HOLD,HOLD,SELL,BUY,BUY,BUY
2022-07-14,AIG,DOWN,SELL,BUY,BUY,BUY,SELL,BUY,BUY,BUY
2022-07-15,AIG,DOWN,SELL,BUY,HOLD,HOLD,SELL,BUY,BUY,BUY
2022-07-18,AIG,DOWN,SELL,BUY,HOLD,HOLD,SELL,BUY,BUY,BUY
2022-07-19,AIG,DOWN,SELL,BUY,HOLD,HOLD,SELL,BUY,BUY,BUY
2022-07-20,AIG,DOWN,SELL,BUY,HOLD,HOLD,SELL,BUY,BUY,BUY
2022-07-21,AIG,DOWN,SELL,BUY,HOLD,HOLD,SELL,BUY,BUY,BUY
2022-07-22,AIG,DOWN,SELL,BUY,HOLD,HOLD,SELL,BUY,BUY,BUY
2022-07-25,AIG,DOWN,SELL,BUY,HOLD,HOLD,SELL,BUY,BUY,BUY
2022-07-26,AIG,NEUTRAL,SELL,BUY,HOLD,HOLD,HOLD,BUY,BUY,BUY
2022-07-27,AIG,NEUTRAL,SELL,BUY,HOLD,HOLD,HOLD,BUY,BUY,BUY
2022-07-28,AIG,NEUTRAL,SELL,BUY,HOLD,HOLD,SELL,BUY,BUY,BUY
2022-07-29,AIG,NEUTRAL,SELL,BUY,HOLD,HOLD,SELL,BUY,BUY,BUY
2022-08-01,AIG,NEUTRAL,SELL,BUY,HOLD,HOLD,SELL,BUY,BUY,BUY
2022-08-02,AIG,NEUTRAL,SELL,BUY,HOLD,HOLD,SELL,BUY,BUY,BUY
2022-08-03,AIG,NEUTRAL,SELL,BUY,HOLD,HOLD,SELL,BUY,BUY,BUY
2022-08-04,AIG,NEUTRAL,SELL,BUY,HOLD,HOLD,SELL,BUY,BUY,BUY
2022-08-05,AIG,NEUTRAL,SELL,BUY,HOLD,HOLD,SELL,BUY,BUY,BUY
2022-08-08,AIG,NEUTRAL,SELL,BUY,HOLD,HOLD,HOLD,BUY,BUY,BUY
2022-08-09,AIG,NEUTRAL,SELL,BUY,SELL,HOLD,HOLD,BUY,BUY,BUY
2022-08-10,AIG,NEUTRAL,SELL,BUY,SELL,SELL,BUY,BUY,BUY,BUY
2022-08-11,AIG,NEUTRAL,SELL,BUY,SELL,SELL,BUY,BUY,BUY,BUY
2022-08-12,AIG,NEUTRAL,SELL,BUY,SELL,SELL,BUY,BUY,BUY,BUY
2022-08-15,AIG,NEUTRAL,SELL,BUY,SELL,SELL,BUY,BUY,BUY,BUY
2022-08-16,AIG,NEUTRAL,SELL,BUY,SELL,SELL,BUY,BUY,BUY,BUY
2022-08-17,AIG,NEUTRAL,SELL,BUY,HOLD,HOLD,BUY,BUY,BUY,BUY
2022-08-18,AIG,NEUTRAL,SELL,BUY,HOLD,SELL,BUY,BUY,BUY,BUY
2022-08-19,AIG,NEUTRAL,SELL,BUY,HOLD,HOLD,BUY,BUY,BUY,BUY
2022-08-22,AIG,NEUTRAL,SELL,BUY,HOLD,HOLD,BUY,BUY,BUY,BUY
2022-08-23,AIG,NEUTRAL,SELL,BUY,HOLD,HOLD,BUY,BUY,BUY,BUY
2022-08-24,AIG,NEUTRAL,SELL,SELL,HOLD,HOLD,BUY,SELL,SELL,SELL
2022-08-25,AIG,NEUTRAL,SELL,SELL,HOLD,HOLD,BUY,SELL,SELL,SELL
2022-08-26,AIG,NEUTRAL,SELL,SELL,HOLD,HOLD,BUY,SELL,SELL,SELL
2022-08-29,AIG,NEUTRAL,SELL,SELL,HOLD,HOLD,HOLD,SELL,SELL,SELL
2022-08-30,AIG,NEUTRAL,SELL,SELL,HOLD,HOLD,SELL,SELL,SELL,SELL
2022-08-31,AIG,NEUTRAL,SELL,SELL,HOLD,HOLD,SELL,SELL,SELL,SELL
2022-09-01,AIG,NEUTRAL,SELL,SELL,HOLD,HOLD,SELL,SELL,SELL,SELL
2022-09-02,AIG,NEUTRAL,SELL,SELL,HOLD,HOLD,SELL,SELL,SELL,SELL
2022-09-06,AIG,NEUTRAL,SELL,SELL,HOLD,HOLD,SELL,SELL,SELL,SELL
2022-09-07,AIG,NEUTRAL,SELL,SELL,HOLD,HOLD,SELL,SELL,SELL,SELL
2022-09-08,AIG,NEUTRAL,SELL,SELL,HOLD,HOLD,HOLD,SELL,SELL,SELL
2022-09-09,AIG,NEUTRAL,SELL,SELL,HOLD,HOLD,BUY,SELL,SELL,SELL
2022-09-12,AIG,NEUTRAL,SELL,BUY,HOLD,SELL,BUY,BUY,BUY,BUY
2022-09-13,AIG,NEUTRAL,SELL,BUY,HOLD,HOLD,BUY,BUY,BUY,BUY
2022-09-14,AIG,NEUTRAL,SELL,BUY,HOLD,HOLD,BUY,BUY,BUY,BUY
2022-09-15,AIG,NEUTRAL,SELL,BUY,HOLD,HOLD,HOLD,BUY,BUY,BUY
2022-09-16,AIG,NEUTRAL,SELL,BUY,HOLD,HOLD,HOLD,BUY,BUY,BUY
2022-09-19,AIG,NEUTRAL,SELL,BUY,HOLD,HOLD,HOLD,BUY,BUY,BUY
2022-09-20,AIG,NEUTRAL,SELL,SELL,HOLD,HOLD,HOLD,SELL,SELL,SELL
2022-09-21,AIG,NEUTRAL,SELL,SELL,HOLD,HOLD,SELL,SELL,SELL,SELL
2022-09-22,AIG,NEUTRAL,SELL,SELL,HOLD,HOLD,SELL,SELL,SELL,SELL
2022-09-23,AIG,NEUTRAL,SELL,SELL,BUY,BUY,SELL,SELL,SELL,SELL
2022-09-26,AIG,NEUTRAL,SELL,SELL,BUY,BUY,SELL,SELL,SELL,SELL
2022-09-27,AIG,NEUTRAL,SELL,SELL,BUY,BUY,SELL,SELL,SELL,SELL
2022-09-28,AIG,NEUTRAL,SELL,SELL,HOLD,BUY,SELL,SELL,SELL,SELL
2022-09-29,AIG,NEUTRAL,SELL,SELL,HOLD,BUY,SELL,SELL,SELL,SELL
2022-09-30,AIG,NEUTRAL,SELL,SELL,HOLD,BUY,SELL,SELL,SELL,SELL
2022-10-03,AIG,NEUTRAL,SELL,SELL,HOLD,HOLD,SELL,SELL,SELL,SELL
2022-10-04,AIG,NEUTRAL,SELL,SELL,HOLD,HOLD,SELL,SELL,SELL,SELL
2022-10-05,AIG,NEUTRAL,SELL,SELL,HOLD,HOLD,SELL,SELL,SELL,SELL
2022-10-06,AIG,NEUTRAL,SELL,BUY,HOLD,HOLD,SELL,BUY,BUY,BUY
2022-10-07,AIG,NEUTRAL,SELL,BUY,HOLD,HOLD,SELL,BUY,BUY,BUY
2022-10-10,AIG,NEUTRAL,SELL,SELL,HOLD,HOLD,SELL,SELL,SELL,SELL
2022-10-11,AIG,NEUTRAL,SELL,SELL,HOLD,HOLD,SELL,SELL,SELL,SELL
2022-10-12,AIG,DOWN,SELL,SELL,HOLD,HOLD,SELL,SELL,SELL,SELL
2022-10-13,AIG,DOWN,SELL,BUY,HOLD,HOLD,SELL,BUY,BUY,BUY
2022-10-14,AIG,DOWN,SELL,BUY,HOLD,HOLD,SELL,BUY,BUY,BUY
2022-10-17,AIG,DOWN,SELL,BUY,HOLD,HOLD,HOLD,BUY,BUY,BUY
2022-10-18,AIG,DOWN,SELL,BUY,HOLD,HOLD,HOLD,BUY,BUY,BUY
2022-10-19,AIG,DOWN,SELL,BUY,HOLD,HOLD,HOLD,BUY,BUY,BUY
2022-10-20,AIG,DOWN,SELL,BUY,HOLD,HOLD,HOLD,BUY,BUY,BUY
2022-10-21,AIG,DOWN,SELL,BUY,HOLD,HOLD,HOLD,BUY,BUY,BUY
2022-10-24,AIG,DOWN,SELL,BUY,SELL,SELL,BUY,BUY,BUY,BUY
2022-10-25,AIG,DOWN,SELL,BUY,HOLD,SELL,HOLD,BUY,BUY,BUY
2022-10-26,AIG,NEUTRAL,SELL,BUY,HOLD,HOLD,HOLD,BUY,BUY,BUY
2022-10-27,AIG,NEUTRAL,SELL,BUY,HOLD,SELL,HOLD,BUY,BUY,BUY
2022-10-28,AIG,NEUTRAL,SELL,BUY,SELL,SELL,BUY,BUY,BUY,BUY
2022-10-31,AIG,NEUTRAL,SELL,BUY,SELL,SELL,BUY,BUY,BUY,BUY
2022-11-01,AIG,NEUTRAL,SELL,BUY,HOLD,SELL,BUY,BUY,BUY,BUY
2022-11-02,AIG,NEUTRAL,SELL,BUY,HOLD,SELL,BUY,BUY,BUY,BUY
2022-11-03,AIG,NEUTRAL,SELL,BUY,HOLD,SELL,BUY,BUY,BUY,BUY
2022-11-04,AIG,NEUTRAL,SELL,BUY,HOLD,SELL,BUY,BUY,BUY,BUY
2022-11-07,AIG,NEUTRAL,SELL,BUY,HOLD,SELL,BUY,BUY,BUY,BUY
2022-11-08,AIG,NEUTRAL,SELL,BUY,HOLD,SELL,BUY,BUY,BUY,BUY
2022-11-09,AIG,NEUTRAL,SELL,BUY,HOLD,SELL,BUY,BUY,BUY,BUY
2022-11-10,AIG,NEUTRAL,SELL,BUY,HOLD,SELL,BUY,BUY,BUY,BUY
2022-11-11,AIG,NEUTRAL,SELL,BUY,HOLD,SELL,BUY,BUY,BUY,BUY
2022-11-14,AIG,NEUTRAL,SELL,BUY,HOLD,SELL,BUY,BUY,BUY,BUY
2022-11-15,AIG,NEUTRAL,SELL,BUY,HOLD,SELL,BUY,BUY,BUY,BUY
2022-11-16,AIG,NEUTRAL,SELL,BUY,HOLD,HOLD,BUY,BUY,BUY,BUY
2022-11-17,AIG,NEUTRAL,SELL,BUY,HOLD,HOLD,BUY,BUY,BUY,BUY
2022-11-18,AIG,NEUTRAL,SELL,SELL,HOLD,HOLD,BUY,SELL,SELL,SELL
2022-11-21,AIG,NEUTRAL,SELL,SELL,HOLD,HOLD,BUY,SELL,SELL,SELL
2022-11-22,AIG,NEUTRAL,SELL,SELL,HOLD,SELL,BUY,SELL,SELL,SELL
2022-11-23,AIG,NEUTRAL,SELL,SELL,HOLD,SELL,BUY,SELL,SELL,SELL
2022-11-25,AIG,NEUTRAL,SELL,SELL,HOLD,SELL,BUY,SELL,SELL,SELL
2022-11-28,AIG,NEUTRAL,SELL,SELL,HOLD,HOLD,BUY,SELL,SELL,SELL
2022-11-29,AIG,NEUTRAL,SELL,SELL,HOLD,SELL,BUY,SELL,SELL,SELL
2022-11-30,AIG,NEUTRAL,SELL,SELL,SELL,SELL,BUY,SELL,SELL,SELL
2022-12-01,AIG,NEUTRAL,SELL,BUY,SELL,SELL,BUY,BUY,BUY,BUY
2022-12-02,AIG,NEUTRAL,SELL,BUY,HOLD,SELL,BUY,BUY,BUY,BUY
2022-12-05,AIG,NEUTRAL,SELL,SELL,HOLD,HOLD,BUY,SELL,SELL,SELL
2022-12-06,AIG,NEUTRAL,SELL,SELL,HOLD,HOLD,BUY,SELL,SELL,SELL
2022-12-07,AIG,NEUTRAL,SELL,SELL,HOLD,HOLD,BUY,SELL,SELL,SELL
2022-12-08,AIG,NEUTRAL,BUY,SELL,HOLD,HOLD,BUY,SELL,SELL,SELL
2022-12-09,AIG,NEUTRAL,BUY,SELL,HOLD,HOLD,BUY,SELL,SELL,SELL
2022-12-12,AIG,NEUTRAL,BUY,SELL,SELL,SELL,BUY,SELL,SELL,SELL
2022-12-13,AIG,NEUTRAL,BUY,SELL,HOLD,SELL,BUY,SELL,SELL,SELL
2022-12-14,AIG,NEUTRAL,BUY,SELL,HOLD,HOLD,BUY,SELL,SELL,SELL
2022-12-15,AIG,NEUTRAL,BUY,SELL,HOLD,HOLD,BUY,SELL,SELL,SELL
2022-12-16,AIG,NEUTRAL,BUY,SELL,HOLD,HOLD,BUY,SELL,SELL,SELL
2022-12-19,AIG,NEUTRAL,BUY,SELL,HOLD,HOLD,BUY,SELL,SELL,SELL
2022-12-20,AIG,NEUTRAL,BUY,SELL,HOLD,HOLD,BUY,SELL,SELL,SELL
2022-12-21,AIG,NEUTRAL,BUY,SELL,HOLD,HOLD,BUY,SELL,SELL,SELL
2022-12-22,AIG,NEUTRAL,BUY,SELL,HOLD,HOLD,BUY,SELL,SELL,SELL
2022-12-23,AIG,NEUTRAL,BUY,SELL,HOLD,HOLD,BUY,SELL,SELL,SELL
2022-12-27,AIG,NEUTRAL,BUY,SELL,HOLD,HOLD,BUY,SELL,SELL,SELL
2022-12-28,AIG,NEUTRAL,BUY,SELL,HOLD,HOLD,BUY,SELL,SELL,SELL
2022-12-29,AIG,NEUTRAL,BUY,SELL,HOLD,HOLD,BUY,SELL,SELL,SELL
2022-12-30,AIG,NEUTRAL,BUY,SELL,HOLD,HOLD,BUY,SELL,SELL,SELL
2023-01-03,AIG,NEUTRAL,BUY,SELL,HOLD,HOLD,BUY,SELL,SELL,SELL
2023-01-04,AIG,NEUTRAL,BUY,SELL,HOLD,HOLD,BUY,SELL,SELL,SELL
2023-01-05,AIG,NEUTRAL,BUY,SELL,HOLD,HOLD,BUY,SELL,SELL,SELL
2023-01-06,AIG,NEUTRAL,BUY,SELL,SELL,HOLD,BUY,SELL,SELL,SELL
2023-01-09,AIG,NEUTRAL,BUY,SELL,HOLD,HOLD,BUY,SELL,SELL,SELL
2023-01-10,AIG,NEUTRAL,BUY,SELL,HOLD,HOLD,HOLD,SELL,SELL,SELL
2023-01-11,AIG,NEUTRAL,BUY,SELL,HOLD,HOLD,HOLD,SELL,SELL,SELL
2023-01-12,AIG,NEUTRAL,BUY,SELL,HOLD,HOLD,BUY,SELL,SELL,SELL
2023-01-13,AIG,NEUTRAL,BUY,SELL,HOLD,HOLD,BUY,SELL,SELL,SELL
2023-01-17,AIG,NEUTRAL,BUY,SELL,HOLD,HOLD,BUY,SELL,SELL,SELL
2023-01-18,AIG,NEUTRAL,BUY,SELL,HOLD,HOLD,BUY,SELL,SELL,SELL
2023-01-19,AIG,NEUTRAL,BUY,SELL,BUY,HOLD,SELL,SELL,SELL,SELL
2023-01-20,AIG,NEUTRAL,BUY,SELL,HOLD,HOLD,SELL,SELL,SELL,SELL
2023-01-23,AIG,NEUTRAL,BUY,SELL,HOLD,HOLD,SELL,SELL,SELL,SELL
2023-01-24,AIG,NEUTRAL,BUY,SELL,HOLD,HOLD,HOLD,SELL,SELL,SELL
2023-01-25,AIG,NEUTRAL,BUY,SELL,HOLD,HOLD,BUY,SELL,SELL,SELL
2023-01-26,AIG,NEUTRAL,BUY,SELL,HOLD,HOLD,BUY,SELL,SELL,SELL
2023-01-27,AIG,NEUTRAL,BUY,SELL,HOLD,HOLD,BUY,SELL,SELL,SELL
2023-01-30,AIG,NEUTRAL,BUY,SELL,HOLD,HOLD,BUY,SELL,SELL,SELL
2023-01-31,AIG,NEUTRAL,BUY,SELL,HOLD,HOLD,BUY,SELL,SELL,SELL
2023-02-01,AIG,NEUTRAL,BUY,SELL,BUY,BUY,HOLD,SELL,SELL,SELL
2023-02-02,AIG,NEUTRAL,BUY,SELL,BUY,BUY,SELL,SELL,SELL,SELL
2023-02-03,AIG,NEUTRAL,BUY,SELL,BUY,BUY,SELL,SELL,SELL,SELL
2023-02-06,AIG,NEUTRAL,BUY,SELL,HOLD,HOLD,SELL,SELL,SELL,SELL
2023-02-07,AIG,NEUTRAL,BUY,SELL,HOLD,HOLD,SELL,SELL,SELL,SELL
2023-02-08,AIG,NEUTRAL,BUY,SELL,HOLD,HOLD,SELL,SELL,SELL,SELL
2023-02-09,AIG,NEUTRAL,BUY,SELL,HOLD,HOLD,SELL,SELL,SELL,SELL
2023-02-10,AIG,NEUTRAL,BUY,SELL,HOLD,HOLD,SELL,SELL,SELL,SELL
2023-02-13,AIG,NEUTRAL,BUY,SELL,HOLD,HOLD,HOLD,SELL,SELL,SELL
2023-02-14,AIG,NEUTRAL,BUY,SELL,HOLD,HOLD,HOLD,SELL,SELL,SELL
2023-02-15,AIG,NEUTRAL,BUY,BUY,HOLD,HOLD,HOLD,BUY,BUY,BUY
2023-02-16,AIG,NEUTRAL,BUY,BUY,HOLD,HOLD,HOLD,BUY,BUY,BUY
2023-02-17,AIG,NEUTRAL,BUY,BUY,HOLD,HOLD,HOLD,BUY,BUY,BUY
2023-02-21,AIG,NEUTRAL,BUY,SELL,HOLD,HOLD,HOLD,SELL,SELL,SELL
2023-02-22,AIG,NEUTRAL,BUY,SELL,HOLD,HOLD,HOLD,SELL,SELL,SELL
2023-02-23,AIG,NEUTRAL,BUY,SELL,HOLD,HOLD,HOLD,SELL,SELL,SELL
2023-02-24,AIG,NEUTRAL,BUY,SELL,HOLD,HOLD,SELL,SELL,SELL,SELL
2023-02-27,AIG,NEUTRAL,BUY,SELL,HOLD,HOLD,SELL,SELL,SELL,SELL
2023-02-28,AIG,NEUTRAL,BUY,BUY,HOLD,HOLD,HOLD,BUY,BUY,BUY
2023-03-01,AIG,NEUTRAL,BUY,BUY,HOLD,HOLD,HOLD,BUY,BUY,BUY
2023-03-02,AIG,NEUTRAL,BUY,BUY,HOLD,HOLD,SELL,BUY,BUY,BUY
2023-03-03,AIG,NEUTRAL,BUY,SELL,HOLD,HOLD,SELL,SELL,SELL,SELL
2023-03-06,AIG,NEUTRAL,BUY,SELL,HOLD,HOLD,HOLD,SELL,SELL,SELL
2023-03-07,AIG,NEUTRAL,BUY,SELL,BUY,BUY,HOLD,SELL,SELL,SELL
2023-03-08,AIG,NEUTRAL,BUY,SELL,BUY,BUY,SELL,SELL,SELL,SELL
2023-03-09,AIG,NEUTRAL,BUY,SELL,BUY,BUY,SELL,SELL,SELL,SELL
2023-03-10,AIG,NEUTRAL,BUY,SELL,BUY,BUY,SELL,SELL,SELL,SELL
2023-03-13,AIG,NEUTRAL,BUY,SELL,BUY,BUY,SELL,SELL,SELL,SELL
2023-03-14,AIG,NEUTRAL,BUY,SELL,BUY,BUY,SELL,SELL,SELL,SELL
2023-03-15,AIG,NEUTRAL,BUY,SELL,BUY,BUY,SELL,SELL,SELL,SELL
2023-03-16,AIG,NEUTRAL,BUY,SELL,HOLD,BUY,SELL,SELL,SELL,SELL
2023-03-17,AIG,NEUTRAL,BUY,SELL,HOLD,BUY,SELL,SELL,SELL,SELL
2023-03-20,AIG,NEUTRAL,BUY,SELL,HOLD,HOLD,SELL,SELL,SELL,SELL
2023-03-21,AIG,NEUTRAL,BUY,SELL,HOLD,HOLD,SELL,SELL,SELL,SELL
2023-03-22,AIG,NEUTRAL,BUY,SELL,HOLD,HOLD,SELL,SELL,SELL,SELL
2023-03-23,AIG,NEUTRAL,BUY,SELL,HOLD,HOLD,SELL,SELL,SELL,SELL
2023-03-24,AIG,NEUTRAL,BUY,SELL,HOLD,HOLD,SELL,SELL,SELL,SELL
2023-03-27,AIG,NEUTRAL,BUY,SELL,HOLD,HOLD,SELL,SELL,SELL,SELL
2023-03-28,AIG,NEUTRAL,BUY,SELL,HOLD,HOLD,HOLD,SELL,SELL,SELL
2023-03-29,AIG,NEUTRAL,BUY,SELL,HOLD,HOLD,HOLD,SELL,SELL,SELL
2023-03-30,AIG,NEUTRAL,BUY,BUY,HOLD,HOLD,HOLD,BUY,BUY,BUY
2023-03-31,AIG,NEUTRAL,BUY,BUY,HOLD,HOLD,HOLD,BUY,BUY,BUY
2023-04-03,AIG,NEUTRAL,BUY,BUY,HOLD,HOLD,HOLD,BUY,BUY,BUY
2023-04-04,AIG,NEUTRAL,BUY,BUY,HOLD,HOLD,HOLD,BUY,BUY,BUY
2023-04-05,AIG,NEUTRAL,BUY,BUY,HOLD,HOLD,HOLD,BUY,BUY,BUY
2023-04-06,AIG,NEUTRAL,BUY,BUY,HOLD,HOLD,HOLD,BUY,BUY,BUY
2023-04-10,AIG,NEUTRAL,SELL,BUY,HOLD,HOLD,HOLD,BUY,BUY,BUY
2023-04-11,AIG,NEUTRAL,SELL,BUY,HOLD,HOLD,HOLD,BUY,BUY,BUY
2023-04-12,AIG,NEUTRAL,SELL,BUY,HOLD,HOLD,HOLD,BUY,BUY,BUY
2023-04-13,AIG,NEUTRAL,SELL,BUY,HOLD,HOLD,BUY,BUY,BUY,BUY
2023-04-14,AIG,NEUTRAL,SELL,BUY,HOLD,HOLD,BUY,BUY,BUY,BUY
2023-04-17,AIG,NEUTRAL,SELL,BUY,HOLD,HOLD,BUY,BUY,BUY,BUY
2023-04-18,AIG,NEUTRAL,SELL,BUY,HOLD,HOLD,BUY,BUY,BUY,BUY
2023-04-19,AIG,NEUTRAL,SELL,BUY,HOLD,SELL,BUY,BUY,BUY,BUY
2023-04-20,AIG,NEUTRAL,SELL,BUY,HOLD,HOLD,BUY,BUY,BUY,BUY
2023-04-21,AIG,NEUTRAL,SELL,BUY,HOLD,HOLD,BUY,BUY,BUY,BUY
2023-04-24,AIG,NEUTRAL,SELL,BUY,HOLD,HOLD,BUY,BUY,BUY,BUY
2023-04-25,AIG,NEUTRAL,SELL,BUY,HOLD,HOLD,BUY,BUY,BUY,BUY
2023-04-26,AIG,NEUTRAL,SELL,BUY,HOLD,HOLD,HOLD,BUY,BUY,BUY
2023-04-27,AIG,NEUTRAL,SELL,BUY,HOLD,HOLD,BUY,BUY,BUY,BUY
2023-04-28,AIG,NEUTRAL,SELL,BUY,SELL,HOLD,BUY,BUY,BUY,BUY
2023-05-01,AIG,NEUTRAL,SELL,BUY,HOLD,HOLD,BUY,BUY,BUY,BUY
2023-05-02,AIG,NEUTRAL,SELL,BUY,HOLD,HOLD,BUY,BUY,BUY,BUY
2023-05-03,AIG,NEUTRAL,SELL,BUY,HOLD,HOLD,BUY,BUY,BUY,BUY
2023-05-04,AIG,NEUTRAL,SELL,BUY,BUY,HOLD,HOLD,BUY,BUY,BUY
2023-05-05,AIG,NEUTRAL,SELL,BUY,SELL,HOLD,BUY,BUY,BUY,BUY
2023-05-08,AIG,NEUTRAL,SELL,BUY,HOLD,HOLD,BUY,BUY,BUY,BUY
2023-05-09,AIG,NEUTRAL,SELL,BUY,HOLD,HOLD,HOLD,BUY,BUY,BUY
2023-05-10,AIG,NEUTRAL,SELL,BUY,HOLD,HOLD,HOLD,BUY,BUY,BUY
2023-05-11,AIG,NEUTRAL,SELL,BUY,HOLD,HOLD,HOLD,BUY,BUY,BUY
2023-05-12,AIG,NEUTRAL,SELL,BUY,HOLD,HOLD,HOLD,BUY,BUY,BUY
2023-05-15,AIG,NEUTRAL,SELL,BUY,HOLD,HOLD,HOLD,BUY,BUY,BUY
2023-05-16,AIG,NEUTRAL,SELL,BUY,HOLD,HOLD,HOLD,BUY,BUY,BUY
2023-05-17,AIG,NEUTRAL,SELL,BUY,HOLD,HOLD,HOLD,BUY,BUY,BUY
2023-05-18,AIG,NEUTRAL,SELL,BUY,HOLD,HOLD,HOLD,BUY,BUY,BUY
2023-05-19,AIG,NEUTRAL,SELL,BUY,HOLD,HOLD,HOLD,BUY,BUY,BUY
2023-05-22,AIG,NEUTRAL,SELL,BUY,HOLD,HOLD,HOLD,BUY,BUY,BUY
2023-05-23,AIG,NEUTRAL,SELL,BUY,SELL,SELL,BUY,BUY,BUY,BUY
2023-05-24,AIG,NEUTRAL,SELL,BUY,HOLD,HOLD,BUY,BUY,BUY,BUY
2023-05-25,AIG,NEUTRAL,SELL,BUY,HOLD,HOLD,BUY,BUY,BUY,BUY
2023-05-26,AIG,NEUTRAL,SELL,BUY,HOLD,HOLD,BUY,BUY,BUY,BUY
2023-05-30,AIG,NEUTRAL,SELL,BUY,HOLD,HOLD,BUY,BUY,BUY,BUY
2023-05-31,AIG,NEUTRAL,SELL,SELL,HOLD,HOLD,HOLD,SELL,SELL,SELL
2023-06-01,AIG,NEUTRAL,SELL,SELL,HOLD,HOLD,HOLD,SELL,SELL,SELL
2023-06-02,AIG,NEUTRAL,SELL,BUY,HOLD,HOLD,BUY,BUY,BUY,BUY
2023-06-05,AIG,NEUTRAL,SELL,BUY,HOLD,HOLD,BUY,BUY,BUY,BUY
2023-06-06,AIG,NEUTRAL,SELL,BUY,SELL,HOLD,BUY,BUY,BUY,BUY
2023-06-07,AIG,NEUTRAL,SELL,BUY,SELL,HOLD,BUY,BUY,BUY,BUY
2023-06-08,AIG,NEUTRAL,SELL,BUY,HOLD,HOLD,BUY,BUY,BUY,BUY
2023-06-09,AIG,NEUTRAL,SELL,BUY,HOLD,HOLD,BUY,BUY,BUY,BUY
2023-06-12,AIG,NEUTRAL,SELL,BUY,HOLD,HOLD,BUY,BUY,BUY,BUY
2023-06-13,AIG,NEUTRAL,SELL,BUY,HOLD,HOLD,BUY,BUY,BUY,BUY
2023-06-14,AIG,NEUTRAL,SELL,BUY,HOLD,HOLD,BUY,BUY,BUY,BUY
2023-06-15,AIG,NEUTRAL,SELL,BUY,HOLD,HOLD,BUY,BUY,BUY,BUY
2023-06-16,AIG,NEUTRAL,SELL,BUY,HOLD,HOLD,BUY,BUY,BUY,BUY
2023-06-20,AIG,NEUTRAL,SELL,BUY,HOLD,HOLD,BUY,BUY,BUY,BUY
2023-06-21,AIG,NEUTRAL,SELL,SELL,HOLD,HOLD,BUY,SELL,SELL,SELL
2023-06-22,AIG,NEUTRAL,SELL,SELL,HOLD,HOLD,BUY,SELL,SELL,SELL
2023-06-23,AIG,NEUTRAL,SELL,SELL,HOLD,HOLD,BUY,SELL,SELL,SELL
2023-06-26,AIG,NEUTRAL,SELL,SELL,HOLD,HOLD,BUY,SELL,SELL,SELL
2023-06-27,AIG,NEUTRAL,SELL,SELL,HOLD,HOLD,BUY,SELL,SELL,SELL
2023-06-28,AIG,NEUTRAL,SELL,SELL,HOLD,HOLD,BUY,SELL,SELL,SELL
2023-06-29,AIG,NEUTRAL,SELL,SELL,HOLD,HOLD,BUY,SELL,SELL,SELL
2023-06-30,AIG,NEUTRAL,SELL,SELL,HOLD,HOLD,BUY,SELL,SELL,SELL
2023-07-03,AIG,NEUTRAL,SELL,BUY,SELL,HOLD,BUY,BUY,BUY,BUY
2023-07-05,AIG,NEUTRAL,SELL,BUY,HOLD,HOLD,BUY,BUY,BUY,BUY
2023-07-06,AIG,NEUTRAL,SELL,BUY,HOLD,HOLD,BUY,BUY,BUY,BUY
2023-07-07,AIG,NEUTRAL,SELL,BUY,SELL,HOLD,BUY,BUY,BUY,BUY
2023-07-10,AIG,NEUTRAL,SELL,BUY,HOLD,HOLD,BUY,BUY,BUY,BUY
2023-07-11,AIG,NEUTRAL,SELL,BUY,SELL,SELL,BUY,BUY,BUY,BUY
2023-07-12,AIG,NEUTRAL,SELL,BUY,HOLD,SELL,BUY,BUY,BUY,BUY
2023-07-13,AIG,NEUTRAL,SELL,BUY,HOLD,SELL,BUY,BUY,BUY,BUY
2023-07-14,AIG,NEUTRAL,SELL,BUY,HOLD,HOLD,BUY,BUY,BUY,BUY
2023-07-17,AIG,NEUTRAL,SELL,BUY,HOLD,HOLD,BUY,BUY,BUY,BUY
2023-07-18,AIG,NEUTRAL,SELL,BUY,HOLD,HOLD,BUY,BUY,BUY,BUY
2023-07-19,AIG,NEUTRAL,SELL,BUY,HOLD,HOLD,BUY,BUY,BUY,BUY
2023-07-20,AIG,NEUTRAL,SELL,BUY,HOLD,SELL,BUY,BUY,BUY,BUY
2023-07-21,AIG,NEUTRAL,SELL,BUY,HOLD,HOLD,BUY,BUY,BUY,BUY
2023-07-24,AIG,NEUTRAL,SELL,BUY,HOLD,HOLD,BUY,BUY,BUY,BUY
2023-07-25,AIG,NEUTRAL,SELL,BUY,HOLD,HOLD,BUY,BUY,BUY,BUY
2023-07-26,AIG,NEUTRAL,SELL,BUY,HOLD,SELL,BUY,BUY,BUY,BUY
2023-07-27,AIG,NEUTRAL,SELL,BUY,HOLD,HOLD,BUY,BUY,BUY,BUY
2023-07-28,AIG,NEUTRAL,SELL,BUY,HOLD,HOLD,BUY,BUY,BUY,BUY
2023-07-31,AIG,NEUTRAL,SELL,BUY,HOLD,HOLD,BUY,BUY,BUY,BUY
2023-08-01,AIG,NEUTRAL,SELL,SELL,HOLD,HOLD,BUY,SELL,SELL,SELL
2023-08-02,AIG,NEUTRAL,SELL,BUY,HOLD,SELL,BUY,BUY,BUY,BUY
2023-08-03,AIG,NEUTRAL,BUY,BUY,HOLD,HOLD,BUY,BUY,BUY,BUY
2023-08-04,AIG,NEUTRAL,BUY,SELL,HOLD,HOLD,BUY,SELL,SELL,SELL
2023-08-07,AIG,NEUTRAL,BUY,BUY,HOLD,SELL,BUY,BUY,BUY,BUY
2023-08-08,AIG,NEUTRAL,BUY,BUY,HOLD,HOLD,BUY,BUY,BUY,BUY
2023-08-09,AIG,NEUTRAL,BUY,SELL,HOLD,HOLD,BUY,SELL,SELL,SELL
2023-08-10,AIG,NEUTRAL,BUY,SELL,HOLD,HOLD,BUY,SELL,SELL,SELL
2023-08-11,AIG,NEUTRAL,BUY,SELL,HOLD,HOLD,BUY,SELL,SELL,SELL
2023-08-14,AIG,NEUTRAL,BUY,SELL,HOLD,HOLD,BUY,SELL,SELL,SELL
2023-08-15,AIG,NEUTRAL,BUY,SELL,BUY,HOLD,SELL,SELL,SELL,SELL
2023-08-16,AIG,NEUTRAL,BUY,SELL,BUY,BUY,SELL,SELL,SELL,SELL
2023-08-17,AIG,NEUTRAL,BUY,SELL,BUY,BUY,SELL,SELL,SELL,SELL
2023-08-18,AIG,NEUTRAL,BUY,SELL,BUY,BUY,SELL,SELL,SELL,SELL
2023-08-21,AIG,NEUTRAL,BUY,SELL,BUY,BUY,SELL,SELL,SELL,SELL
2023-08-22,AIG,NEUTRAL,BUY,SELL,BUY,BUY,SELL,SELL,SELL,SELL
2023-08-23,AIG,NEUTRAL,BUY,SELL,HOLD,BUY,SELL,SELL,SELL,SELL
2023-08-24,AIG,NEUTRAL,BUY,SELL,HOLD,HOLD,SELL,SELL,SELL,SELL
2023-08-25,AIG,NEUTRAL,BUY,SELL,HOLD,HOLD,SELL,SELL,SELL,SELL
2023-08-28,AIG,NEUTRAL,BUY,SELL,HOLD,HOLD,SELL,SELL,SELL,SELL
2023-08-29,AIG,NEUTRAL,BUY,SELL,HOLD,HOLD,SELL,SELL,SELL,SELL
2023-08-30,AIG,NEUTRAL,BUY,SELL,HOLD,HOLD,SELL,SELL,SELL,SELL
2023-08-31,AIG,NEUTRAL,BUY,SELL,HOLD,HOLD,SELL,SELL,SELL,SELL
2023-09-01,AIG,NEUTRAL,BUY,BUY,HOLD,HOLD,HOLD,BUY,BUY,BUY
2023-09-05,AIG,NEUTRAL,BUY,BUY,HOLD,HOLD,HOLD,BUY,BUY,BUY
2023-09-06,AIG,NEUTRAL,BUY,BUY,HOLD,HOLD,BUY,BUY,BUY,BUY
2023-09-07,AIG,NEUTRAL,BUY,BUY,HOLD,HOLD,BUY,BUY,BUY,BUY
2023-09-08,AIG,NEUTRAL,BUY,BUY,HOLD,HOLD,BUY,BUY,BUY,BUY
2023-09-11,AIG,NEUTRAL,BUY,BUY,HOLD,HOLD,BUY,BUY,BUY,BUY
2023-09-12,AIG,NEUTRAL,BUY,BUY,SELL,SELL,BUY,BUY,BUY,BUY
2023-09-13,AIG,NEUTRAL,BUY,BUY,SELL,SELL,BUY,BUY,BUY,BUY
2023-09-14,AIG,NEUTRAL,BUY,BUY,SELL,SELL,BUY,BUY,BUY,BUY
2023-09-15,AIG,NEUTRAL,BUY,BUY,HOLD,SELL,BUY,BUY,BUY,BUY
2023-09-18,AIG,NEUTRAL,BUY,BUY,HOLD,SELL,BUY,BUY,BUY,BUY
2023-09-19,AIG,NEUTRAL,BUY,BUY,SELL,SELL,BUY,BUY,BUY,BUY
2023-09-20,AIG,NEUTRAL,BUY,BUY,HOLD,SELL,BUY,BUY,BUY,BUY
2023-09-21,AIG,NEUTRAL,BUY,BUY,HOLD,HOLD,BUY,BUY,BUY,BUY
2023-09-22,AIG,NEUTRAL,BUY,BUY,HOLD,HOLD,BUY,BUY,BUY,BUY
2023-09-25,AIG,NEUTRAL,BUY,BUY,HOLD,HOLD,BUY,BUY,BUY,BUY
2023-09-26,AIG,NEUTRAL,BUY,BUY,HOLD,HOLD,BUY,BUY,BUY,BUY
2023-09-27,AIG,NEUTRAL,BUY,BUY,HOLD,HOLD,BUY,BUY,BUY,BUY
2023-09-28,AIG,NEUTRAL,BUY,SELL,HOLD,HOLD,BUY,SELL,SELL,SELL
2023-09-29,AIG,NEUTRAL,BUY,SELL,HOLD,HOLD,BUY,SELL,SELL,SELL
2023-10-02,AIG,NEUTRAL,BUY,SELL,HOLD,HOLD,HOLD,SELL,SELL,SELL
2023-10-03,AIG,NEUTRAL,BUY,SELL,BUY,BUY,SELL,SELL,SELL,SELL
2023-10-04,AIG,NEUTRAL,BUY,SELL,HOLD,HOLD,SELL,SELL,SELL,SELL
2023-10-05,AIG,NEUTRAL,BUY,SELL,HOLD,HOLD,SELL,SELL,SELL,SELL
2023-10-06,AIG,NEUTRAL,BUY,SELL,HOLD,HOLD,HOLD,SELL,SELL,SELL
2023-10-09,AIG,NEUTRAL,BUY,SELL,HOLD,HOLD,BUY,SELL,SELL,SELL
2023-10-10,AIG,NEUTRAL,BUY,SELL,HOLD,HOLD,BUY,SELL,SELL,SELL
2023-10-11,AIG,NEUTRAL,BUY,SELL,HOLD,HOLD,BUY,SELL,SELL,SELL
2023-10-12,AIG,NEUTRAL,BUY,BUY,HOLD,HOLD,BUY,BUY,BUY,BUY
2023-10-13,AIG,NEUTRAL,BUY,BUY,HOLD,HOLD,BUY,BUY,BUY,BUY
2023-10-16,AIG,NEUTRAL,BUY,BUY,HOLD,SELL,BUY,BUY,BUY,BUY
2023-10-17,AIG,NEUTRAL,BUY,BUY,HOLD,SELL,BUY,BUY,BUY,BUY
2023-10-18,AIG,NEUTRAL,BUY,BUY,HOLD,HOLD,BUY,BUY,BUY,BUY
2023-10-19,AIG,NEUTRAL,BUY,BUY,HOLD,HOLD,BUY,BUY,BUY,BUY
2023-10-20,AIG,NEUTRAL,BUY,SELL,HOLD,HOLD,BUY,SELL,SELL,SELL
2023-10-23,AIG,NEUTRAL,BUY,SELL,HOLD,HOLD,SELL,SELL,SELL,SELL
2023-10-24,AIG,NEUTRAL,BUY,SELL,HOLD,HOLD,SELL,SELL,SELL,SELL
2023-10-25,AIG,NEUTRAL,BUY,SELL,HOLD,HOLD,HOLD,SELL,SELL,SELL
2023-10-26,AIG,NEUTRAL,BUY,SELL,HOLD,HOLD,HOLD,SELL,SELL,SELL
2023-10-27,AIG,NEUTRAL,BUY,SELL,HOLD,HOLD,SELL,SELL,SELL,SELL
2023-10-30,AIG,NEUTRAL,BUY,SELL,HOLD,HOLD,SELL,SELL,SELL,SELL
2023-10-31,AIG,NEUTRAL,BUY,SELL,HOLD,HOLD,HOLD,SELL,SELL,SELL
2023-11-01,AIG,NEUTRAL,BUY,BUY,HOLD,HOLD,BUY,BUY,BUY,BUY
2023-11-02,AIG,NEUTRAL,BUY,BUY,SELL,SELL,BUY,BUY,BUY,BUY
2023-11-03,AIG,NEUTRAL,BUY,BUY,HOLD,HOLD,BUY,BUY,BUY,BUY
2023-11-06,AIG,NEUTRAL,BUY,BUY,HOLD,HOLD,BUY,BUY,BUY,BUY
2023-11-07,AIG,NEUTRAL,BUY,BUY,HOLD,HOLD,BUY,BUY,BUY,BUY
2023-11-08,AIG,NEUTRAL,BUY,BUY,HOLD,HOLD,BUY,BUY,BUY,BUY
2023-11-09,AIG,NEUTRAL,BUY,BUY,HOLD,HOLD,BUY,BUY,BUY,BUY
2023-11-10,AIG,NEUTRAL,BUY,BUY,HOLD,HOLD,BUY,BUY,BUY,BUY
2023-11-13,AIG,NEUTRAL,BUY,BUY,HOLD,HOLD,BUY,BUY,BUY,BUY
2023-11-14,AIG,NEUTRAL,BUY,BUY,HOLD,HOLD,BUY,BUY,BUY,BUY
2023-11-15,AIG,NEUTRAL,BUY,BUY,HOLD,HOLD,BUY,BUY,BUY,BUY
2023-11-16,AIG,NEUTRAL,BUY,BUY,HOLD,HOLD,BUY,BUY,BUY,BUY
2023-11-17,AIG,NEUTRAL,BUY,BUY,HOLD,HOLD,BUY,BUY,BUY,BUY
2023-11-20,AIG,NEUTRAL,BUY,BUY,HOLD,HOLD,BUY,BUY,BUY,BUY
2023-11-21,AIG,NEUTRAL,BUY,BUY,HOLD,HOLD,BUY,BUY,BUY,BUY
2023-11-22,AIG,NEUTRAL,BUY,BUY,HOLD,HOLD,BUY,BUY,BUY,BUY
2023-11-24,AIG,NEUTRAL,BUY,BUY,HOLD,SELL,BUY,BUY,BUY,BUY
2023-11-27,AIG,NEUTRAL,BUY,BUY,HOLD,SELL,BUY,BUY,BUY,BUY
2023-11-28,AIG,NEUTRAL,BUY,BUY,HOLD,HOLD,BUY,BUY,BUY,BUY
2023-11-29,AIG,NEUTRAL,BUY,BUY,HOLD,HOLD,BUY,BUY,BUY,BUY
2023-11-30,AIG,NEUTRAL,BUY,BUY,SELL,SELL,BUY,BUY,BUY,BUY
2023-12-01,AIG,NEUTRAL,BUY,BUY,HOLD,SELL,BUY,BUY,BUY,BUY
2023-12-04,AIG,NEUTRAL,BUY,BUY,HOLD,SELL,BUY,BUY,BUY,BUY
2023-12-05,AIG,NEUTRAL,BUY,BUY,HOLD,SELL,BUY,BUY,BUY,BUY
2023-12-06,AIG,NEUTRAL,BUY,SELL,HOLD,HOLD,BUY,SELL,SELL,SELL
2023-12-07,AIG,NEUTRAL,BUY,SELL,HOLD,HOLD,BUY,SELL,SELL,SELL
2023-12-08,AIG,NEUTRAL,BUY,SELL,HOLD,HOLD,BUY,SELL,SELL,SELL
2023-12-11,AIG,NEUTRAL,BUY,SELL,HOLD,HOLD,BUY,SELL,SELL,SELL
2023-12-12,AIG,NEUTRAL,BUY,BUY,SELL,SELL,BUY,BUY,BUY,BUY
2023-12-13,AIG,NEUTRAL,BUY,BUY,SELL,SELL,BUY,BUY,BUY,BUY
2023-12-14,AIG,NEUTRAL,BUY,BUY,HOLD,HOLD,BUY,BUY,BUY,BUY
2023-12-15,AIG,NEUTRAL,BUY,SELL,HOLD,HOLD,BUY,SELL,SELL,SELL
2023-12-18,AIG,NEUTRAL,BUY,SELL,HOLD,HOLD,BUY,SELL,SELL,SELL
2023-12-19,AIG,NEUTRAL,BUY,SELL,SELL,HOLD,BUY,SELL,SELL,SELL
2023-12-20,AIG,NEUTRAL,BUY,SELL,HOLD,HOLD,BUY,SELL,SELL,SELL
2023-12-21,AIG,NEUTRAL,BUY,SELL,HOLD,HOLD,BUY,SELL,SELL,SELL
2023-12-22,AIG,NEUTRAL,BUY,SELL,HOLD,HOLD,BUY,SELL,SELL,SELL
2023-12-26,AIG,NEUTRAL,BUY,SELL,HOLD,HOLD,BUY,SELL,SELL,SELL
2023-12-27,AIG,NEUTRAL,BUY,SELL,HOLD,HOLD,BUY,SELL,SELL,SELL
2023-12-28,AIG,NEUTRAL,BUY,SELL,SELL,SELL,BUY,SELL,SELL,SELL
2023-12-29,AIG,NEUTRAL,BUY,BUY,HOLD,HOLD,BUY,BUY,BUY,BUY
2024-01-02,AIG,NEUTRAL,BUY,BUY,SELL,SELL,BUY,BUY,BUY,BUY
2024-01-03,AIG,NEUTRAL,BUY,BUY,SELL,SELL,BUY,BUY,BUY,BUY
2024-01-04,AIG,NEUTRAL,BUY,BUY,HOLD,SELL,BUY,BUY,BUY,BUY
2024-01-05,AIG,NEUTRAL,BUY,BUY,HOLD,SELL,BUY,BUY,BUY,BUY
